contrast_group,universe_role,dataset_id,factor_name,status,best_horizon,price_long_short_spread_mean,after_funding_long_short_spread_mean,after_funding_coverage_rate,bucket_tail_diagnosis,after_funding_bucket_tail_diagnosis,funding_adjusted_edge_flip
static_long_vs_dynamic,static_top50_long,crypto_top50_usdt_perp_1h_long_v1,bb_zscore_20h,COMPUTED,72h,-0.00380888,-0.00386362,1.0,ROBUST_SPREAD_NEGATIVE,ROBUST_SPREAD_NEGATIVE,False
static_long_vs_dynamic,static_top50_long,crypto_top50_usdt_perp_1h_long_v1,mom_20h,COMPUTED,72h,0.00375485,0.00386177,1.0,DIRECTIONALLY_CLEAN_THIN_EDGE,DIRECTIONALLY_CLEAN_THIN_EDGE,False
static_long_vs_dynamic,static_top50_long,crypto_top50_usdt_perp_1h_long_v1,q158_high_low_range,COMPUTED,72h,0.01522146,0.01583989,1.0,DIRECTIONALLY_CLEAN_THIN_EDGE,DIRECTIONALLY_CLEAN_THIN_EDGE,False
static_long_vs_dynamic,static_top50_long,crypto_top50_usdt_perp_1h_long_v1,reversal_5h,COMPUTED,72h,-0.00231199,-0.00235035,1.0,ROBUST_SPREAD_NEGATIVE,ROBUST_SPREAD_NEGATIVE,False
static_long_vs_dynamic,static_top50_long,crypto_top50_usdt_perp_1h_long_v1,rsi_14h,COMPUTED,72h,-0.00551061,-0.00559213,1.0,ROBUST_SPREAD_NEGATIVE,ROBUST_SPREAD_NEGATIVE,False
static_long_vs_dynamic,static_top50_long,crypto_top50_usdt_perp_1h_long_v1,tech_atr,COMPUTED,72h,-0.00416013,-0.00416134,1.0,ROBUST_SPREAD_NEGATIVE,ROBUST_SPREAD_NEGATIVE,False
static_long_vs_dynamic,static_top50_long,crypto_top50_usdt_perp_1h_long_v1,tech_macd,COMPUTED,72h,0.0019989,0.00206667,1.0,DIRECTIONALLY_CLEAN_THIN_EDGE,DIRECTIONALLY_CLEAN_THIN_EDGE,False
static_long_vs_dynamic,static_top50_long,crypto_top50_usdt_perp_1h_long_v1,volatility_20h,COMPUTED,72h,-0.01614685,-0.01679374,1.0,ROBUST_SPREAD_NEGATIVE,ROBUST_SPREAD_NEGATIVE,False
static_long_vs_dynamic,static_top50_long,crypto_top50_usdt_perp_1h_long_v1,wq101_alpha101,COMPUTED,72h,0.0010664,0.00109064,1.0,DIRECTIONALLY_CLEAN_THIN_EDGE,DIRECTIONALLY_CLEAN_THIN_EDGE,False
static_long_vs_dynamic,static_top50_long,crypto_top50_usdt_perp_1h_long_v1,wq101_alpha12,COMPUTED,72h,-0.00072506,-0.00075036,1.0,MEAN_SPREAD_OUTLIER_DOMINATED,MEAN_SPREAD_OUTLIER_DOMINATED,False
static_long_vs_dynamic,static_top50_long,crypto_top50_usdt_perp_1h_long_v1,wq101_alpha53,COMPUTED,72h,0.00027346,0.00026411,1.0,MIXED_OR_WEAK,MIXED_OR_WEAK,False
static_long_vs_dynamic,dynamic_top50_current_listed,crypto_usdt_perp_monthly_volume_top50_current_listed_1h_v1,bb_zscore_20h,COMPUTED,72h,-0.00400635,-0.00429103,1.0,ROBUST_SPREAD_NEGATIVE,ROBUST_SPREAD_NEGATIVE,False
static_long_vs_dynamic,dynamic_top50_current_listed,crypto_usdt_perp_monthly_volume_top50_current_listed_1h_v1,mom_20h,COMPUTED,72h,0.00467531,0.00515862,1.0,DIRECTIONALLY_CLEAN_THIN_EDGE,DIRECTIONALLY_CLEAN_THIN_EDGE,False
static_long_vs_dynamic,dynamic_top50_current_listed,crypto_usdt_perp_monthly_volume_top50_current_listed_1h_v1,q158_high_low_range,COMPUTED,72h,0.00524441,0.00669361,1.0,MIXED_OR_WEAK,DIRECTIONALLY_CLEAN_THIN_EDGE,False
static_long_vs_dynamic,dynamic_top50_current_listed,crypto_usdt_perp_monthly_volume_top50_current_listed_1h_v1,reversal_5h,COMPUTED,72h,-0.00285656,-0.00304879,1.0,ROBUST_SPREAD_NEGATIVE,ROBUST_SPREAD_NEGATIVE,False
static_long_vs_dynamic,dynamic_top50_current_listed,crypto_usdt_perp_monthly_volume_top50_current_listed_1h_v1,rsi_14h,COMPUTED,72h,-0.00572264,-0.00617461,1.0,ROBUST_SPREAD_NEGATIVE,ROBUST_SPREAD_NEGATIVE,False
static_long_vs_dynamic,dynamic_top50_current_listed,crypto_usdt_perp_monthly_volume_top50_current_listed_1h_v1,tech_atr,COMPUTED,72h,0.00150768,0.00237185,1.0,DIRECTIONALLY_CLEAN_THIN_EDGE,DIRECTIONALLY_CLEAN_THIN_EDGE,False
static_long_vs_dynamic,dynamic_top50_current_listed,crypto_usdt_perp_monthly_volume_top50_current_listed_1h_v1,tech_macd,COMPUTED,72h,0.00172614,0.00186076,1.0,DIRECTIONALLY_CLEAN_THIN_EDGE,DIRECTIONALLY_CLEAN_THIN_EDGE,False
static_long_vs_dynamic,dynamic_top50_current_listed,crypto_usdt_perp_monthly_volume_top50_current_listed_1h_v1,volatility_20h,COMPUTED,72h,-0.00529038,-0.00684836,1.0,MEAN_SPREAD_OUTLIER_DOMINATED,ROBUST_SPREAD_NEGATIVE,False
static_long_vs_dynamic,dynamic_top50_current_listed,crypto_usdt_perp_monthly_volume_top50_current_listed_1h_v1,wq101_alpha101,COMPUTED,72h,0.00122742,0.0013033,1.0,DIRECTIONALLY_CLEAN_THIN_EDGE,DIRECTIONALLY_CLEAN_THIN_EDGE,False
static_long_vs_dynamic,dynamic_top50_current_listed,crypto_usdt_perp_monthly_volume_top50_current_listed_1h_v1,wq101_alpha12,COMPUTED,72h,-0.00082976,-0.00097854,1.0,ROBUST_SPREAD_NEGATIVE,ROBUST_SPREAD_NEGATIVE,False
static_long_vs_dynamic,dynamic_top50_current_listed,crypto_usdt_perp_monthly_volume_top50_current_listed_1h_v1,wq101_alpha53,COMPUTED,72h,0.00018454,0.00017658,1.0,DIRECTIONALLY_CLEAN_THIN_EDGE,DIRECTIONALLY_CLEAN_THIN_EDGE,False
crypto_native_overlay_vs_dynamic,dynamic_top50_crypto_native,crypto_usdt_perp_monthly_volume_top50_current_listed_1h_v1_crypto_native_v1,funding_rate_change_24h,COMPUTED,72h,0.00071036,0.00128565,1.0,DIRECTIONALLY_CLEAN_THIN_EDGE,DIRECTIONALLY_CLEAN_THIN_EDGE,False
crypto_native_overlay_vs_dynamic,dynamic_top50_crypto_native,crypto_usdt_perp_monthly_volume_top50_current_listed_1h_v1_crypto_native_v1,funding_rate_level_20h,COMPUTED,72h,-0.01050609,-0.00681149,1.0,ROBUST_SPREAD_NEGATIVE,ROBUST_SPREAD_NEGATIVE,False
crypto_native_overlay_vs_dynamic,dynamic_top50_crypto_native,crypto_usdt_perp_monthly_volume_top50_current_listed_1h_v1_crypto_native_v1,funding_rate_zscore_80h,COMPUTED,72h,0.00147439,0.00209349,1.0,DIRECTIONALLY_CLEAN_THIN_EDGE,DIRECTIONALLY_CLEAN_THIN_EDGE,False
crypto_native_overlay_vs_dynamic,dynamic_top50_crypto_native,crypto_usdt_perp_monthly_volume_top50_current_listed_1h_v1_crypto_native_v1,taker_buy_delta_5h,COMPUTED,72h,0.00035491,0.00035392,1.0,DIRECTIONALLY_CLEAN_THIN_EDGE,DIRECTIONALLY_CLEAN_THIN_EDGE,False
crypto_native_overlay_vs_dynamic,dynamic_top50_crypto_native,crypto_usdt_perp_monthly_volume_top50_current_listed_1h_v1_crypto_native_v1,taker_buy_ratio_20h,COMPUTED,72h,0.00380067,0.00464058,1.0,DIRECTIONALLY_CLEAN_THIN_EDGE,DIRECTIONALLY_CLEAN_THIN_EDGE,False
crypto_native_overlay_vs_dynamic,dynamic_top50_crypto_native,crypto_usdt_perp_monthly_volume_top50_current_listed_1h_v1_crypto_native_v1,taker_buy_zscore_20h,COMPUTED,72h,0.00038477,0.00037357,1.0,MIXED_OR_WEAK,MIXED_OR_WEAK,False
crypto_native_overlay_vs_dynamic,dynamic_top50_current_listed,crypto_usdt_perp_monthly_volume_top50_current_listed_1h_v1,funding_rate_change_24h,COMPUTED,72h,0.00071036,0.00128565,1.0,DIRECTIONALLY_CLEAN_THIN_EDGE,DIRECTIONALLY_CLEAN_THIN_EDGE,False
crypto_native_overlay_vs_dynamic,dynamic_top50_current_listed,crypto_usdt_perp_monthly_volume_top50_current_listed_1h_v1,funding_rate_level_20h,COMPUTED,72h,-0.01050609,-0.00681149,1.0,ROBUST_SPREAD_NEGATIVE,ROBUST_SPREAD_NEGATIVE,False
crypto_native_overlay_vs_dynamic,dynamic_top50_current_listed,crypto_usdt_perp_monthly_volume_top50_current_listed_1h_v1,funding_rate_zscore_80h,COMPUTED,72h,0.00147439,0.00209349,1.0,DIRECTIONALLY_CLEAN_THIN_EDGE,DIRECTIONALLY_CLEAN_THIN_EDGE,False
crypto_native_overlay_vs_dynamic,dynamic_top50_current_listed,crypto_usdt_perp_monthly_volume_top50_current_listed_1h_v1,taker_buy_delta_5h,COMPUTED,72h,0.00035491,0.00035392,1.0,DIRECTIONALLY_CLEAN_THIN_EDGE,DIRECTIONALLY_CLEAN_THIN_EDGE,False
crypto_native_overlay_vs_dynamic,dynamic_top50_current_listed,crypto_usdt_perp_monthly_volume_top50_current_listed_1h_v1,taker_buy_ratio_20h,COMPUTED,72h,0.00380067,0.00464058,1.0,DIRECTIONALLY_CLEAN_THIN_EDGE,DIRECTIONALLY_CLEAN_THIN_EDGE,False
crypto_native_overlay_vs_dynamic,dynamic_top50_current_listed,crypto_usdt_perp_monthly_volume_top50_current_listed_1h_v1,taker_buy_zscore_20h,COMPUTED,72h,0.00038477,0.00037357,1.0,MIXED_OR_WEAK,MIXED_OR_WEAK,False
