factor_id,horizon,horizon_hours,n_months,rankic_mean,rankic_std,naive_t_stat,naive_n_periods,monthly_naive_t_stat,robust_standard_error,robust_t_stat,robust_p_value,effective_n_proxy,nw_lag,overlap_ratio,tstat_inflation_ratio,significance_class_naive,significance_class_robust,overlap_warning
a101_vol_xs_z_product_112h,1h,1,25,0.01671583,0.00528373,18.5895,17583,15.8182,0.00099878,16.7362,0.0,29.03,1,0.0014,1.1107,ROBUST_SIGNIFICANT_POSITIVE,ROBUST_SIGNIFICANT_POSITIVE,NO_MAJOR_OVERLAP
a101_vol_xs_z_product_112h,4h,4,25,0.02534058,0.00818271,27.924,17581,15.4842,0.00122628,20.6646,0.0,753.14,4,0.0056,1.3513,ROBUST_SIGNIFICANT_POSITIVE,ROBUST_SIGNIFICANT_POSITIVE,MODERATE_OVERLAP
a101_vol_xs_z_product_112h,24h,24,25,0.04564834,0.02136813,48.4838,17561,10.6814,0.00283086,16.1253,0.0,25.0,5,0.0333,3.0067,ROBUST_SIGNIFICANT_POSITIVE,ROBUST_SIGNIFICANT_POSITIVE,HIGH_OVERLAP
a101_vol_xs_z_product_112h,72h,72,25,0.05600702,0.03984856,59.3794,17513,7.0275,0.00549812,10.1866,0.0,156.14,5,0.1,5.8292,ROBUST_SIGNIFICANT_POSITIVE,ROBUST_SIGNIFICANT_POSITIVE,SEVERE_OVERLAP
a101_volume_cap_alpha_min_56_84,1h,1,25,0.01559339,0.0050714,16.1959,17381,15.3739,0.0010856,14.3639,0.0,18.03,1,0.0014,1.1275,ROBUST_SIGNIFICANT_POSITIVE,ROBUST_SIGNIFICANT_POSITIVE,NO_MAJOR_OVERLAP
a101_volume_cap_alpha_min_56_84,4h,4,25,0.02460158,0.00717021,25.2604,17379,17.1554,0.00122379,20.1028,0.0,61.69,4,0.0056,1.2566,ROBUST_SIGNIFICANT_POSITIVE,ROBUST_SIGNIFICANT_POSITIVE,MODERATE_OVERLAP
a101_volume_cap_alpha_min_56_84,24h,24,25,0.04547635,0.02141143,46.3691,17359,10.6196,0.00273702,16.6153,0.0,83.6,5,0.0333,2.7908,ROBUST_SIGNIFICANT_POSITIVE,ROBUST_SIGNIFICANT_POSITIVE,HIGH_OVERLAP
a101_volume_cap_alpha_min_56_84,72h,72,25,0.05519045,0.03631102,55.6767,17311,7.5997,0.00386517,14.2789,0.0,466.75,5,0.1,3.8992,ROBUST_SIGNIFICANT_POSITIVE,ROBUST_SIGNIFICANT_POSITIVE,SEVERE_OVERLAP
a101_volume_cap_alpha_min_80_80,1h,1,25,0.01568547,0.004539,16.6703,17361,17.2785,0.00091698,17.1055,0.0,22.21,1,0.0014,0.9746,ROBUST_SIGNIFICANT_POSITIVE,ROBUST_SIGNIFICANT_POSITIVE,NO_MAJOR_OVERLAP
a101_volume_cap_alpha_min_80_80,4h,4,25,0.02542139,0.00767469,26.481,17359,16.5618,0.00134809,18.8573,0.0,34.34,4,0.0056,1.4043,ROBUST_SIGNIFICANT_POSITIVE,ROBUST_SIGNIFICANT_POSITIVE,MODERATE_OVERLAP
a101_volume_cap_alpha_min_80_80,24h,24,25,0.0475006,0.01909671,49.5444,17339,12.4369,0.00262381,18.1037,0.0,81.54,5,0.0333,2.7367,ROBUST_SIGNIFICANT_POSITIVE,ROBUST_SIGNIFICANT_POSITIVE,HIGH_OVERLAP
a101_volume_cap_alpha_min_80_80,72h,72,25,0.05652832,0.03155028,58.9937,17291,8.9585,0.00336236,16.8121,0.0,173.6,5,0.1,3.509,ROBUST_SIGNIFICANT_POSITIVE,ROBUST_SIGNIFICANT_POSITIVE,SEVERE_OVERLAP
a101_volume_high_alpha_min_84_84,1h,1,25,0.01648188,0.0044584,17.5972,17640,18.4841,0.00100085,16.4679,0.0,15.39,1,0.0014,1.0686,ROBUST_SIGNIFICANT_POSITIVE,ROBUST_SIGNIFICANT_POSITIVE,NO_MAJOR_OVERLAP
a101_volume_high_alpha_min_84_84,4h,4,25,0.02564316,0.0067772,26.9734,17638,18.9187,0.00128937,19.8881,0.0,19.76,4,0.0056,1.3563,ROBUST_SIGNIFICANT_POSITIVE,ROBUST_SIGNIFICANT_POSITIVE,MODERATE_OVERLAP
a101_volume_high_alpha_min_84_84,24h,24,25,0.04712578,0.01878378,48.3433,17618,12.5443,0.00283728,16.6095,0.0,31.08,5,0.0333,2.9106,ROBUST_SIGNIFICANT_POSITIVE,ROBUST_SIGNIFICANT_POSITIVE,HIGH_OVERLAP
a101_volume_high_alpha_min_84_84,72h,72,25,0.05776444,0.0277087,59.409,17570,10.4235,0.0032496,17.7758,0.0,71.33,5,0.1,3.3421,ROBUST_SIGNIFICANT_POSITIVE,ROBUST_SIGNIFICANT_POSITIVE,SEVERE_OVERLAP
a101_volume_low_alpha_min_84_120,1h,1,25,0.01852742,0.00439476,19.8505,17604,21.079,0.00089748,20.6438,0.0,21.33,1,0.0014,0.9616,ROBUST_SIGNIFICANT_POSITIVE,ROBUST_SIGNIFICANT_POSITIVE,NO_MAJOR_OVERLAP
a101_volume_low_alpha_min_84_120,4h,4,25,0.02930855,0.00727971,31.185,17602,20.1303,0.00107301,27.3143,0.0,103.15,4,0.0056,1.1417,ROBUST_SIGNIFICANT_POSITIVE,ROBUST_SIGNIFICANT_POSITIVE,MODERATE_OVERLAP
a101_volume_low_alpha_min_84_120,24h,24,25,0.0526021,0.01737023,53.7228,17582,15.1414,0.00216958,24.2453,0.0,993.12,5,0.0333,2.2158,ROBUST_SIGNIFICANT_POSITIVE,ROBUST_SIGNIFICANT_POSITIVE,HIGH_OVERLAP
a101_volume_low_alpha_min_84_120,72h,72,25,0.06238981,0.02868483,63.3042,17534,10.8751,0.00395924,15.758,0.0,196.06,5,0.1,4.0173,ROBUST_SIGNIFICANT_POSITIVE,ROBUST_SIGNIFICANT_POSITIVE,SEVERE_OVERLAP
a101_volume_xs_z_mean_neg_112h,1h,1,25,0.01864399,0.00663858,16.9116,17695,14.0422,0.00137033,13.6054,0.0,20.5,1,0.0014,1.243,ROBUST_SIGNIFICANT_POSITIVE,ROBUST_SIGNIFICANT_POSITIVE,NO_MAJOR_OVERLAP
a101_volume_xs_z_mean_neg_112h,4h,4,25,0.02837459,0.00846426,25.3851,17693,16.7614,0.00162439,17.4678,0.0,25.83,4,0.0056,1.4532,ROBUST_SIGNIFICANT_POSITIVE,ROBUST_SIGNIFICANT_POSITIVE,MODERATE_OVERLAP
a101_volume_xs_z_mean_neg_112h,24h,24,25,0.0533848,0.02133456,46.2151,17673,12.5113,0.00285685,18.6866,0.0,981.06,5,0.0333,2.4732,ROBUST_SIGNIFICANT_POSITIVE,ROBUST_SIGNIFICANT_POSITIVE,HIGH_OVERLAP
a101_volume_xs_z_mean_neg_112h,72h,72,25,0.06703098,0.03725638,58.717,17625,8.9959,0.00388999,17.2317,0.0,25.0,5,0.1,3.4075,ROBUST_SIGNIFICANT_POSITIVE,ROBUST_SIGNIFICANT_POSITIVE,SEVERE_OVERLAP
amihud_illiquidity_20h,1h,1,25,0.00429966,0.00562304,4.0274,17766,3.8232,0.00119211,3.6068,0.00031,18.64,1,0.0014,1.1166,ROBUST_SIGNIFICANT_POSITIVE,ROBUST_SIGNIFICANT_POSITIVE,NO_MAJOR_OVERLAP
amihud_illiquidity_20h,4h,4,25,0.00731653,0.00918398,6.7007,17764,3.9833,0.00188629,3.8788,0.000105,22.19,4,0.0056,1.7275,ROBUST_SIGNIFICANT_POSITIVE,ROBUST_SIGNIFICANT_POSITIVE,MODERATE_OVERLAP
amihud_illiquidity_20h,24h,24,25,0.01234589,0.02236085,11.6078,17744,2.7606,0.00406478,3.0373,0.002387,33.72,5,0.0333,3.8218,ROBUST_SIGNIFICANT_POSITIVE,ROBUST_SIGNIFICANT_POSITIVE,HIGH_OVERLAP
amihud_illiquidity_20h,72h,72,25,0.01674373,0.04179336,15.8534,17696,2.0032,0.00837591,1.999,0.045605,21.82,5,0.1,7.9305,ROBUST_SIGNIFICANT_POSITIVE,NAIVE_ONLY_SIGNIFICANT,SEVERE_OVERLAP
bb_zscore_20h,1h,1,25,-0.03031699,0.01006083,-29.5279,17787,-15.0668,0.00217414,-13.9443,0.0,17.46,1,0.0014,2.1176,ROBUST_SIGNIFICANT_NEGATIVE,ROBUST_SIGNIFICANT_NEGATIVE,NO_MAJOR_OVERLAP
bb_zscore_20h,4h,4,25,-0.03301546,0.01380058,-31.7978,17785,-11.9616,0.00247784,-13.3243,0.0,26.15,4,0.0056,2.3865,ROBUST_SIGNIFICANT_NEGATIVE,ROBUST_SIGNIFICANT_NEGATIVE,MODERATE_OVERLAP
bb_zscore_20h,24h,24,25,-0.02403863,0.0215147,-23.9201,17765,-5.5866,0.00436973,-5.5012,0.0,23.22,5,0.0333,4.3482,ROBUST_SIGNIFICANT_NEGATIVE,ROBUST_SIGNIFICANT_NEGATIVE,HIGH_OVERLAP
bb_zscore_20h,72h,72,25,-0.01395424,0.02202604,-14.8459,17717,-3.1677,0.00330005,-4.2285,2.4e-05,56.15,5,0.1,3.5109,ROBUST_SIGNIFICANT_NEGATIVE,ROBUST_SIGNIFICANT_NEGATIVE,SEVERE_OVERLAP
breakout_dist_20h,1h,1,25,-0.02129245,0.00953209,-20.9245,17787,-11.1688,0.00194757,-10.9328,0.0,21.29,1,0.0014,1.9139,ROBUST_SIGNIFICANT_NEGATIVE,ROBUST_SIGNIFICANT_NEGATIVE,NO_MAJOR_OVERLAP
breakout_dist_20h,4h,4,25,-0.02030166,0.01355749,-19.6287,17785,-7.4873,0.00218766,-9.2801,0.0,58.51,4,0.0056,2.1151,ROBUST_SIGNIFICANT_NEGATIVE,ROBUST_SIGNIFICANT_NEGATIVE,MODERATE_OVERLAP
breakout_dist_20h,24h,24,25,-0.00694134,0.0217858,-7.5344,17765,-1.5931,0.00390129,-1.7792,0.0752,54.43,5,0.0333,4.2346,ROBUST_SIGNIFICANT_NEGATIVE,NAIVE_ONLY_SIGNIFICANT,HIGH_OVERLAP
breakout_dist_20h,72h,72,25,0.00338312,0.02468071,3.2838,17717,0.6854,0.00294838,1.1475,0.251195,25.0,5,0.1,2.8618,ROBUST_SIGNIFICANT_POSITIVE,NAIVE_ONLY_SIGNIFICANT,SEVERE_OVERLAP
breakout_dist_48h,1h,1,25,-0.01728857,0.00968682,-16.7973,17759,-8.9238,0.00204591,-8.4503,0.0,18.89,1,0.0014,1.9878,ROBUST_SIGNIFICANT_NEGATIVE,ROBUST_SIGNIFICANT_NEGATIVE,NO_MAJOR_OVERLAP
breakout_dist_48h,4h,4,25,-0.01920878,0.01453924,-18.3783,17757,-6.6058,0.00225487,-8.5188,0.0,186.36,4,0.0056,2.1574,ROBUST_SIGNIFICANT_NEGATIVE,ROBUST_SIGNIFICANT_NEGATIVE,MODERATE_OVERLAP
breakout_dist_48h,24h,24,25,-0.00979661,0.02719928,-9.8946,17737,-1.8009,0.00416838,-2.3502,0.018762,83.59,5,0.0333,4.2101,ROBUST_SIGNIFICANT_NEGATIVE,ROBUST_SIGNIFICANT_NEGATIVE,HIGH_OVERLAP
breakout_dist_48h,72h,72,25,0.00230804,0.03366974,2.5016,17689,0.3427,0.00439621,0.525,0.599579,25.0,5,0.1,4.7649,ROBUST_SIGNIFICANT_POSITIVE,NAIVE_ONLY_SIGNIFICANT,SEVERE_OVERLAP
candle_body,1h,1,25,-0.03131531,0.01137569,-32.6917,17805,-13.7641,0.00253105,-12.3724,0.0,15.84,1,0.0014,2.6423,ROBUST_SIGNIFICANT_NEGATIVE,ROBUST_SIGNIFICANT_NEGATIVE,NO_MAJOR_OVERLAP
candle_body,4h,4,25,-0.0229097,0.01051412,-24.1017,17803,-10.8947,0.00179192,-12.785,0.0,27.02,4,0.0056,1.8852,ROBUST_SIGNIFICANT_NEGATIVE,ROBUST_SIGNIFICANT_NEGATIVE,MODERATE_OVERLAP
candle_body,24h,24,25,-0.00978351,0.00762829,-10.8445,17783,-6.4127,0.00184609,-5.2996,0.0,11.88,5,0.0333,2.0463,ROBUST_SIGNIFICANT_NEGATIVE,ROBUST_SIGNIFICANT_NEGATIVE,HIGH_OVERLAP
candle_body,72h,72,25,-0.00386812,0.00863905,-4.596,17735,-2.2387,0.00181352,-2.1329,0.03293,18.26,5,0.1,2.1548,ROBUST_SIGNIFICANT_NEGATIVE,ROBUST_SIGNIFICANT_NEGATIVE,SEVERE_OVERLAP
candle_wick_lower,1h,1,25,-0.00617729,0.00678757,-7.3172,17805,-4.5504,0.00165503,-3.7324,0.00019,11.92,1,0.0014,1.9604,ROBUST_SIGNIFICANT_NEGATIVE,ROBUST_SIGNIFICANT_NEGATIVE,NO_MAJOR_OVERLAP
candle_wick_lower,4h,4,25,-0.00034351,0.00676718,-0.4529,17803,-0.2538,0.00131889,-0.2605,0.794512,637.78,4,0.0056,1.7389,NOT_SIGNIFICANT,NOT_SIGNIFICANT,MODERATE_OVERLAP
candle_wick_lower,24h,24,25,0.00348444,0.00527991,4.1427,17783,3.2997,0.00094067,3.7042,0.000212,25.0,5,0.0333,1.1184,ROBUST_SIGNIFICANT_POSITIVE,ROBUST_SIGNIFICANT_POSITIVE,HIGH_OVERLAP
candle_wick_lower,72h,72,25,0.00233616,0.00612385,2.6144,17735,1.9074,0.00104569,2.2341,0.025478,25.0,5,0.1,1.1702,ROBUST_SIGNIFICANT_POSITIVE,ROBUST_SIGNIFICANT_POSITIVE,SEVERE_OVERLAP
candle_wick_upper,1h,1,25,0.0099752,0.00896108,11.9638,17805,5.5658,0.00209463,4.7623,2e-06,13.54,1,0.0014,2.5122,ROBUST_SIGNIFICANT_POSITIVE,ROBUST_SIGNIFICANT_POSITIVE,NO_MAJOR_OVERLAP
candle_wick_upper,4h,4,25,0.00345872,0.00511647,4.2813,17803,3.38,0.00083493,4.1425,3.4e-05,24.75,4,0.0056,1.0335,ROBUST_SIGNIFICANT_POSITIVE,ROBUST_SIGNIFICANT_POSITIVE,MODERATE_OVERLAP
candle_wick_upper,24h,24,25,-0.00519057,0.00578378,-6.7479,17783,-4.4872,0.00133526,-3.8873,0.000101,20.96,5,0.0333,1.7359,ROBUST_SIGNIFICANT_NEGATIVE,ROBUST_SIGNIFICANT_NEGATIVE,HIGH_OVERLAP
candle_wick_upper,72h,72,25,-0.00680673,0.00823884,-9.2554,17735,-4.1309,0.00163782,-4.156,3.2e-05,25.03,5,0.1,2.227,ROBUST_SIGNIFICANT_NEGATIVE,ROBUST_SIGNIFICANT_NEGATIVE,SEVERE_OVERLAP
clv_20h,1h,1,25,-0.00337366,0.00805467,-3.5301,17787,-2.0942,0.00160943,-2.0962,0.036066,23.16,1,0.0014,1.6841,ROBUST_SIGNIFICANT_NEGATIVE,ROBUST_SIGNIFICANT_NEGATIVE,NO_MAJOR_OVERLAP
clv_20h,4h,4,25,-0.00052954,0.01266392,-0.7263,17785,-0.2091,0.0026031,-0.2034,0.838803,36.84,4,0.0056,3.5704,NOT_SIGNIFICANT,NOT_SIGNIFICANT,MODERATE_OVERLAP
clv_20h,24h,24,25,0.01209661,0.0248122,11.6405,17765,2.4376,0.00598683,2.0205,0.043328,17.48,5,0.0333,5.7611,ROBUST_SIGNIFICANT_POSITIVE,ROBUST_SIGNIFICANT_POSITIVE,HIGH_OVERLAP
clv_20h,72h,72,25,0.01687343,0.03080932,18.4506,17717,2.7384,0.00451879,3.7341,0.000188,25.0,5,0.1,4.9412,ROBUST_SIGNIFICANT_POSITIVE,ROBUST_SIGNIFICANT_POSITIVE,SEVERE_OVERLAP
downside_vol_20h,1h,1,25,-0.02857554,0.01174622,-18.1614,17786,-12.1637,0.00251719,-11.3522,0.0,17.96,1,0.0014,1.5998,ROBUST_SIGNIFICANT_NEGATIVE,ROBUST_SIGNIFICANT_NEGATIVE,NO_MAJOR_OVERLAP
downside_vol_20h,4h,4,25,-0.0438979,0.0151673,-28.1614,17784,-14.4712,0.00349804,-12.5493,0.0,15.55,4,0.0056,2.2441,ROBUST_SIGNIFICANT_NEGATIVE,ROBUST_SIGNIFICANT_NEGATIVE,MODERATE_OVERLAP
downside_vol_20h,24h,24,25,-0.07337876,0.03193715,-47.5026,17764,-11.488,0.00563369,-13.025,0.0,38.72,5,0.0333,3.647,ROBUST_SIGNIFICANT_NEGATIVE,ROBUST_SIGNIFICANT_NEGATIVE,HIGH_OVERLAP
downside_vol_20h,72h,72,25,-0.08869884,0.05237835,-57.3779,17716,-8.4671,0.00643788,-13.7776,0.0,239.33,5,0.1,4.1646,ROBUST_SIGNIFICANT_NEGATIVE,ROBUST_SIGNIFICANT_NEGATIVE,SEVERE_OVERLAP
ema_12_26_gap,1h,1,25,-0.01472204,0.00871684,-12.4224,17805,-8.4446,0.00195751,-7.5208,0.0,15.37,1,0.0014,1.6517,ROBUST_SIGNIFICANT_NEGATIVE,ROBUST_SIGNIFICANT_NEGATIVE,NO_MAJOR_OVERLAP
ema_12_26_gap,4h,4,25,-0.02393086,0.01508238,-19.8085,17803,-7.9334,0.00324447,-7.3759,0.0,23.7,4,0.0056,2.6856,ROBUST_SIGNIFICANT_NEGATIVE,ROBUST_SIGNIFICANT_NEGATIVE,MODERATE_OVERLAP
ema_12_26_gap,24h,24,25,-0.02700705,0.03230729,-22.3116,17783,-4.1797,0.00701662,-3.849,0.000119,20.53,5,0.0333,5.7967,ROBUST_SIGNIFICANT_NEGATIVE,ROBUST_SIGNIFICANT_NEGATIVE,HIGH_OVERLAP
ema_12_26_gap,72h,72,25,-0.0178452,0.04216677,-14.0933,17735,-2.116,0.00598785,-2.9802,0.00288,152.34,5,0.1,4.7289,ROBUST_SIGNIFICANT_NEGATIVE,ROBUST_SIGNIFICANT_NEGATIVE,SEVERE_OVERLAP
funding_rate_change_24h,1h,1,24,-0.00044712,0.01604205,3.6591,16751,-0.1365,0.00335691,-0.1332,0.894039,20.11,1,0.0014,27.4717,ROBUST_SIGNIFICANT_NEGATIVE,NAIVE_ONLY_SIGNIFICANT,NO_MAJOR_OVERLAP
funding_rate_change_24h,4h,4,24,0.00415231,0.00901957,6.9488,16752,2.2553,0.00190371,2.1812,0.029171,44.35,4,0.0056,3.1858,ROBUST_SIGNIFICANT_POSITIVE,ROBUST_SIGNIFICANT_POSITIVE,MODERATE_OVERLAP
funding_rate_change_24h,24h,24,24,0.00986124,0.01842943,9.0069,16752,2.6214,0.0030462,3.2372,0.001207,40.91,4,0.0333,2.7823,ROBUST_SIGNIFICANT_POSITIVE,ROBUST_SIGNIFICANT_POSITIVE,HIGH_OVERLAP
funding_rate_change_24h,72h,72,24,0.00044143,0.01151761,2.1448,16752,0.1878,0.0027322,0.1616,0.871648,13.62,4,0.1,13.2751,ROBUST_SIGNIFICANT_POSITIVE,NAIVE_ONLY_SIGNIFICANT,SEVERE_OVERLAP
funding_rate_level_20h,1h,1,24,0.01189372,0.009327,12.4527,16756,6.2471,0.00189765,6.2676,0.0,22.36,1,0.0014,1.9868,ROBUST_SIGNIFICANT_POSITIVE,ROBUST_SIGNIFICANT_POSITIVE,NO_MAJOR_OVERLAP
funding_rate_level_20h,4h,4,24,0.01600279,0.01622243,22.3538,16757,4.8327,0.0033975,4.7102,2e-06,21.67,4,0.0056,4.7459,ROBUST_SIGNIFICANT_POSITIVE,ROBUST_SIGNIFICANT_POSITIVE,MODERATE_OVERLAP
funding_rate_level_20h,24h,24,24,0.03532011,0.01833788,40.6982,16757,9.4358,0.00485237,7.2789,0.0,11.09,4,0.0333,5.5912,ROBUST_SIGNIFICANT_POSITIVE,ROBUST_SIGNIFICANT_POSITIVE,HIGH_OVERLAP
funding_rate_level_20h,72h,72,24,0.04706027,0.02952207,54.1697,16757,7.8093,0.00665015,7.0766,0.0,17.59,4,0.1,7.6548,ROBUST_SIGNIFICANT_POSITIVE,ROBUST_SIGNIFICANT_POSITIVE,SEVERE_OVERLAP
funding_rate_zscore_80h,1h,1,24,-0.00118248,0.0316979,6.3096,16696,-0.1828,0.00654518,-0.1807,0.856632,21.14,1,0.0014,34.9246,ROBUST_SIGNIFICANT_NEGATIVE,NAIVE_ONLY_SIGNIFICANT,NO_MAJOR_OVERLAP
funding_rate_zscore_80h,4h,4,24,0.00016699,0.04376387,10.664,16697,0.0187,0.00957151,0.0174,0.98608,19.91,4,0.0056,611.2212,ROBUST_SIGNIFICANT_POSITIVE,NAIVE_ONLY_SIGNIFICANT,MODERATE_OVERLAP
funding_rate_zscore_80h,24h,24,24,0.01198701,0.01871805,16.1087,16697,3.1373,0.00469859,2.5512,0.010736,10.41,4,0.0333,6.3142,ROBUST_SIGNIFICANT_POSITIVE,ROBUST_SIGNIFICANT_POSITIVE,HIGH_OVERLAP
funding_rate_zscore_80h,72h,72,24,0.00028024,0.03969905,8.0701,16697,0.0346,0.00984479,0.0285,0.97729,11.48,4,0.1,283.4967,ROBUST_SIGNIFICANT_POSITIVE,NAIVE_ONLY_SIGNIFICANT,SEVERE_OVERLAP
intraday_ret,1h,1,25,-0.03683974,0.01222585,-30.7335,17805,-15.0663,0.00270004,-13.6441,0.0,16.23,1,0.0014,2.2525,ROBUST_SIGNIFICANT_NEGATIVE,ROBUST_SIGNIFICANT_NEGATIVE,NO_MAJOR_OVERLAP
intraday_ret,4h,4,25,-0.02830987,0.01192447,-23.9429,17803,-11.8705,0.00193578,-14.6245,0.0,47.24,4,0.0056,1.6372,ROBUST_SIGNIFICANT_NEGATIVE,ROBUST_SIGNIFICANT_NEGATIVE,MODERATE_OVERLAP
intraday_ret,24h,24,25,-0.01180128,0.00693274,-10.3927,17783,-8.5113,0.00170895,-6.9056,0.0,13.8,5,0.0333,1.505,ROBUST_SIGNIFICANT_NEGATIVE,ROBUST_SIGNIFICANT_NEGATIVE,HIGH_OVERLAP
intraday_ret,72h,72,25,-0.00434255,0.0093034,-4.1354,17735,-2.3339,0.00197389,-2.2,0.027807,20.32,5,0.1,1.8797,ROBUST_SIGNIFICANT_NEGATIVE,ROBUST_SIGNIFICANT_NEGATIVE,SEVERE_OVERLAP
klow_close,1h,1,25,-0.02706519,0.0074465,-23.8876,17805,-18.1731,0.00156028,-17.3464,0.0,19.43,1,0.0014,1.3771,ROBUST_SIGNIFICANT_NEGATIVE,ROBUST_SIGNIFICANT_NEGATIVE,NO_MAJOR_OVERLAP
klow_close,4h,4,25,-0.03204032,0.0080917,-28.889,17803,-19.7983,0.00139516,-22.9653,0.0,50.85,4,0.0056,1.2579,ROBUST_SIGNIFICANT_NEGATIVE,ROBUST_SIGNIFICANT_NEGATIVE,MODERATE_OVERLAP
klow_close,24h,24,25,-0.04590874,0.01684564,-41.5457,17783,-13.6263,0.00294711,-15.5776,0.0,35.9,5,0.0333,2.667,ROBUST_SIGNIFICANT_NEGATIVE,ROBUST_SIGNIFICANT_NEGATIVE,HIGH_OVERLAP
klow_close,72h,72,25,-0.05398122,0.02788135,-49.4928,17735,-9.6805,0.0033596,-16.0677,0.0,157.19,5,0.1,3.0803,ROBUST_SIGNIFICANT_NEGATIVE,ROBUST_SIGNIFICANT_NEGATIVE,SEVERE_OVERLAP
ksft_5h,1h,1,25,-0.00488968,0.00485885,-6.3754,17801,-5.0317,0.0009542,-5.1244,0.0,24.79,1,0.0014,1.2441,ROBUST_SIGNIFICANT_NEGATIVE,ROBUST_SIGNIFICANT_NEGATIVE,NO_MAJOR_OVERLAP
ksft_5h,4h,4,25,-0.00479461,0.006948,-5.9903,17799,-3.4504,0.00106019,-4.5224,6e-06,25.0,4,0.0056,1.3246,ROBUST_SIGNIFICANT_NEGATIVE,ROBUST_SIGNIFICANT_NEGATIVE,MODERATE_OVERLAP
ksft_5h,24h,24,25,-0.00724571,0.00957789,-9.4025,17779,-3.7825,0.00148335,-4.8847,1e-06,25.0,5,0.0333,1.9249,ROBUST_SIGNIFICANT_NEGATIVE,ROBUST_SIGNIFICANT_NEGATIVE,HIGH_OVERLAP
ksft_5h,72h,72,25,-0.0077123,0.00813374,-9.4371,17731,-4.7409,0.00088821,-8.683,0.0,25.0,5,0.1,1.0868,ROBUST_SIGNIFICANT_NEGATIVE,ROBUST_SIGNIFICANT_NEGATIVE,SEVERE_OVERLAP
ma_gap_10_40,1h,1,25,-0.01012653,0.00830952,-8.8117,17767,-6.0933,0.00191086,-5.2995,0.0,14.25,1,0.0014,1.6628,ROBUST_SIGNIFICANT_NEGATIVE,ROBUST_SIGNIFICANT_NEGATIVE,NO_MAJOR_OVERLAP
ma_gap_10_40,4h,4,25,-0.01911997,0.01480835,-16.2447,17765,-6.4558,0.00305815,-6.2521,0.0,31.79,4,0.0056,2.5983,ROBUST_SIGNIFICANT_NEGATIVE,ROBUST_SIGNIFICANT_NEGATIVE,MODERATE_OVERLAP
ma_gap_10_40,24h,24,25,-0.02216333,0.0325789,-18.9756,17745,-3.4015,0.00688947,-3.217,0.001295,25.35,5,0.0333,5.8986,ROBUST_SIGNIFICANT_NEGATIVE,ROBUST_SIGNIFICANT_NEGATIVE,HIGH_OVERLAP
ma_gap_10_40,72h,72,25,-0.01646186,0.03889734,-13.432,17697,-2.1161,0.00574888,-2.8635,0.00419,96.95,5,0.1,4.6908,ROBUST_SIGNIFICANT_NEGATIVE,ROBUST_SIGNIFICANT_NEGATIVE,SEVERE_OVERLAP
ma_gap_20_80,1h,1,25,-0.00652742,0.00878978,-5.5528,17727,-3.7131,0.00194051,-3.3638,0.000769,16.25,1,0.0014,1.6508,ROBUST_SIGNIFICANT_NEGATIVE,ROBUST_SIGNIFICANT_NEGATIVE,NO_MAJOR_OVERLAP
ma_gap_20_80,4h,4,25,-0.01466957,0.01527511,-12.2471,17725,-4.8018,0.00366449,-4.0032,6.3e-05,14.73,4,0.0056,3.0594,ROBUST_SIGNIFICANT_NEGATIVE,ROBUST_SIGNIFICANT_NEGATIVE,MODERATE_OVERLAP
ma_gap_20_80,24h,24,25,-0.02060848,0.03699035,-16.4965,17705,-2.7857,0.00791935,-2.6023,0.00926,21.31,5,0.0333,6.3392,ROBUST_SIGNIFICANT_NEGATIVE,ROBUST_SIGNIFICANT_NEGATIVE,HIGH_OVERLAP
ma_gap_20_80,72h,72,25,-0.01465269,0.04919353,-10.2542,17657,-1.4893,0.00753912,-1.9436,0.051949,267.73,5,0.1,5.276,ROBUST_SIGNIFICANT_NEGATIVE,NAIVE_ONLY_SIGNIFICANT,SEVERE_OVERLAP
ma_gap_5_20,1h,1,25,-0.01566741,0.00764607,-13.3597,17787,-10.2454,0.00163051,-9.6089,0.0,18.27,1,0.0014,1.3903,ROBUST_SIGNIFICANT_NEGATIVE,ROBUST_SIGNIFICANT_NEGATIVE,NO_MAJOR_OVERLAP
ma_gap_5_20,4h,4,25,-0.02265456,0.01304832,-18.9599,17785,-8.681,0.00238338,-9.5052,0.0,31.76,4,0.0056,1.9947,ROBUST_SIGNIFICANT_NEGATIVE,ROBUST_SIGNIFICANT_NEGATIVE,MODERATE_OVERLAP
ma_gap_5_20,24h,24,25,-0.02412142,0.02367888,-20.4033,17765,-5.0934,0.00502712,-4.7983,2e-06,22.04,5,0.0333,4.2522,ROBUST_SIGNIFICANT_NEGATIVE,ROBUST_SIGNIFICANT_NEGATIVE,HIGH_OVERLAP
ma_gap_5_20,72h,72,25,-0.01320561,0.02705767,-11.4603,17717,-2.4403,0.00381015,-3.4659,0.000528,87.94,5,0.1,3.3066,ROBUST_SIGNIFICANT_NEGATIVE,ROBUST_SIGNIFICANT_NEGATIVE,SEVERE_OVERLAP
mom_10h,1h,1,25,-0.02703521,0.00971788,-22.764,17796,-13.91,0.00209576,-12.8999,0.0,17.58,1,0.0014,1.7647,ROBUST_SIGNIFICANT_NEGATIVE,ROBUST_SIGNIFICANT_NEGATIVE,NO_MAJOR_OVERLAP
mom_10h,4h,4,25,-0.02962119,0.01474333,-24.73,17794,-10.0456,0.00325296,-9.1059,0.0,17.27,4,0.0056,2.7158,ROBUST_SIGNIFICANT_NEGATIVE,ROBUST_SIGNIFICANT_NEGATIVE,MODERATE_OVERLAP
mom_10h,24h,24,25,-0.0253744,0.02022007,-21.5016,17774,-6.2746,0.00462804,-5.4827,0.0,15.73,5,0.0333,3.9217,ROBUST_SIGNIFICANT_NEGATIVE,ROBUST_SIGNIFICANT_NEGATIVE,HIGH_OVERLAP
mom_10h,72h,72,25,-0.01324539,0.02213521,-11.8146,17726,-2.9919,0.00342086,-3.8719,0.000108,51.11,5,0.1,3.0513,ROBUST_SIGNIFICANT_NEGATIVE,ROBUST_SIGNIFICANT_NEGATIVE,SEVERE_OVERLAP
mom_120h,1h,1,25,-0.0117657,0.00942523,-9.3483,17686,-6.2416,0.00204666,-5.7487,0.0,17.17,1,0.0014,1.6261,ROBUST_SIGNIFICANT_NEGATIVE,ROBUST_SIGNIFICANT_NEGATIVE,NO_MAJOR_OVERLAP
mom_120h,4h,4,25,-0.01916372,0.01352909,-15.2052,17684,-7.0824,0.0026307,-7.2847,0.0,98.43,4,0.0056,2.0873,ROBUST_SIGNIFICANT_NEGATIVE,ROBUST_SIGNIFICANT_NEGATIVE,MODERATE_OVERLAP
mom_120h,24h,24,25,-0.02309409,0.0297536,-18.053,17664,-3.8809,0.00548988,-4.2067,2.6e-05,231.13,5,0.0333,4.2915,ROBUST_SIGNIFICANT_NEGATIVE,ROBUST_SIGNIFICANT_NEGATIVE,HIGH_OVERLAP
mom_120h,72h,72,25,-0.01627526,0.05039765,-12.2156,17616,-1.6147,0.00872406,-1.8656,0.062103,585.3,5,0.1,6.548,ROBUST_SIGNIFICANT_NEGATIVE,NAIVE_ONLY_SIGNIFICANT,SEVERE_OVERLAP
mom_20h,1h,1,25,-0.02224579,0.00784476,-18.9937,17786,-14.1788,0.00174994,-12.7123,0.0,15.71,1,0.0014,1.4941,ROBUST_SIGNIFICANT_NEGATIVE,ROBUST_SIGNIFICANT_NEGATIVE,NO_MAJOR_OVERLAP
mom_20h,4h,4,25,-0.02903498,0.01295475,-24.3102,17784,-11.2063,0.00231812,-12.5252,0.0,51.25,4,0.0056,1.9409,ROBUST_SIGNIFICANT_NEGATIVE,ROBUST_SIGNIFICANT_NEGATIVE,MODERATE_OVERLAP
mom_20h,24h,24,25,-0.02799642,0.02651991,-23.8853,17764,-5.2784,0.00545898,-5.1285,0.0,29.11,5,0.0333,4.6574,ROBUST_SIGNIFICANT_NEGATIVE,ROBUST_SIGNIFICANT_NEGATIVE,HIGH_OVERLAP
mom_20h,72h,72,25,-0.01865444,0.03122566,-15.9486,17716,-2.987,0.00450209,-4.1435,3.4e-05,102.86,5,0.1,3.8491,ROBUST_SIGNIFICANT_NEGATIVE,ROBUST_SIGNIFICANT_NEGATIVE,SEVERE_OVERLAP
mom_40h,1h,1,25,-0.01712727,0.01058261,-14.545,17766,-8.0922,0.0024676,-6.9409,0.0,13.65,1,0.0014,2.0956,ROBUST_SIGNIFICANT_NEGATIVE,ROBUST_SIGNIFICANT_NEGATIVE,NO_MAJOR_OVERLAP
mom_40h,4h,4,25,-0.02443246,0.01657559,-20.5482,17764,-7.37,0.00378313,-6.4583,0.0,20.81,4,0.0056,3.1817,ROBUST_SIGNIFICANT_NEGATIVE,ROBUST_SIGNIFICANT_NEGATIVE,MODERATE_OVERLAP
mom_40h,24h,24,25,-0.02716675,0.03442343,-22.4492,17744,-3.946,0.00832275,-3.2642,0.001098,14.63,5,0.0333,6.8775,ROBUST_SIGNIFICANT_NEGATIVE,ROBUST_SIGNIFICANT_NEGATIVE,HIGH_OVERLAP
mom_40h,72h,72,25,-0.0220085,0.04327528,-17.3443,17696,-2.5428,0.00664469,-3.3122,0.000926,85.66,5,0.1,5.2365,ROBUST_SIGNIFICANT_NEGATIVE,ROBUST_SIGNIFICANT_NEGATIVE,SEVERE_OVERLAP
mom_5h,1h,1,25,-0.03235414,0.01166246,-26.7533,17801,-13.8711,0.002549,-12.6929,0.0,16.8,1,0.0014,2.1077,ROBUST_SIGNIFICANT_NEGATIVE,ROBUST_SIGNIFICANT_NEGATIVE,NO_MAJOR_OVERLAP
mom_5h,4h,4,25,-0.0320476,0.01410592,-26.6123,17799,-11.3596,0.00256141,-12.5117,0.0,27.6,4,0.0056,2.127,ROBUST_SIGNIFICANT_NEGATIVE,ROBUST_SIGNIFICANT_NEGATIVE,MODERATE_OVERLAP
mom_5h,24h,24,25,-0.02035794,0.01384907,-17.5009,17779,-7.3499,0.00323323,-6.2965,0.0,14.49,5,0.0333,2.7795,ROBUST_SIGNIFICANT_NEGATIVE,ROBUST_SIGNIFICANT_NEGATIVE,HIGH_OVERLAP
mom_5h,72h,72,25,-0.01018958,0.01649207,-9.3378,17731,-3.0892,0.0027543,-3.6995,0.000216,37.19,5,0.1,2.5241,ROBUST_SIGNIFICANT_NEGATIVE,ROBUST_SIGNIFICANT_NEGATIVE,SEVERE_OVERLAP
mom_72h,1h,1,25,-0.01551112,0.00960949,-12.7632,17734,-8.0707,0.00216724,-7.1571,0.0,15.16,1,0.0014,1.7833,ROBUST_SIGNIFICANT_NEGATIVE,ROBUST_SIGNIFICANT_NEGATIVE,NO_MAJOR_OVERLAP
mom_72h,4h,4,25,-0.02446335,0.01491274,-20.1976,17732,-8.2022,0.00337746,-7.2431,0.0,17.6,4,0.0056,2.7885,ROBUST_SIGNIFICANT_NEGATIVE,ROBUST_SIGNIFICANT_NEGATIVE,MODERATE_OVERLAP
mom_72h,24h,24,25,-0.03055646,0.03325804,-24.2015,17712,-4.5938,0.00584533,-5.2275,0.0,72.71,5,0.0333,4.6296,ROBUST_SIGNIFICANT_NEGATIVE,ROBUST_SIGNIFICANT_NEGATIVE,HIGH_OVERLAP
mom_72h,72h,72,25,-0.01977786,0.05011431,-14.2562,17664,-1.9733,0.00802079,-2.4658,0.01367,25.0,5,0.1,5.7815,ROBUST_SIGNIFICANT_NEGATIVE,ROBUST_SIGNIFICANT_NEGATIVE,SEVERE_OVERLAP
mom_accel_20h,1h,1,25,-0.02415687,0.0080581,-20.511,17781,-14.9892,0.00162619,-14.8549,0.0,22.3,1,0.0014,1.3808,ROBUST_SIGNIFICANT_NEGATIVE,ROBUST_SIGNIFICANT_NEGATIVE,NO_MAJOR_OVERLAP
mom_accel_20h,4h,4,25,-0.02463949,0.01071787,-21.0051,17779,-11.4946,0.00153638,-16.0374,0.0,286.31,4,0.0056,1.3098,ROBUST_SIGNIFICANT_NEGATIVE,ROBUST_SIGNIFICANT_NEGATIVE,MODERATE_OVERLAP
mom_accel_20h,24h,24,25,-0.01827414,0.0164462,-15.7569,17759,-5.5557,0.00414485,-4.4089,1e-05,16.34,5,0.0333,3.5739,ROBUST_SIGNIFICANT_NEGATIVE,ROBUST_SIGNIFICANT_NEGATIVE,HIGH_OVERLAP
mom_accel_20h,72h,72,25,-0.01038632,0.00678356,-9.5026,17711,-7.6555,0.00188059,-5.5229,0.0,10.17,5,0.1,1.7206,ROBUST_SIGNIFICANT_NEGATIVE,ROBUST_SIGNIFICANT_NEGATIVE,SEVERE_OVERLAP
mom_vol_adjusted_20h,1h,1,25,-0.02033378,0.00841714,-20.4668,17786,-12.0788,0.00166601,-12.2051,0.0,24.03,1,0.0014,1.6769,ROBUST_SIGNIFICANT_NEGATIVE,ROBUST_SIGNIFICANT_NEGATIVE,NO_MAJOR_OVERLAP
mom_vol_adjusted_20h,4h,4,25,-0.02546366,0.01535434,-25.0203,17784,-8.292,0.00222276,-11.4559,0.0,25.0,4,0.0056,2.1841,ROBUST_SIGNIFICANT_NEGATIVE,ROBUST_SIGNIFICANT_NEGATIVE,MODERATE_OVERLAP
mom_vol_adjusted_20h,24h,24,25,-0.02040282,0.02708773,-20.4706,17764,-3.7661,0.00526925,-3.8721,0.000108,37.12,5,0.0333,5.2868,ROBUST_SIGNIFICANT_NEGATIVE,ROBUST_SIGNIFICANT_NEGATIVE,HIGH_OVERLAP
mom_vol_adjusted_20h,72h,72,25,-0.01268311,0.0276418,-13.0742,17716,-2.2942,0.00373226,-3.3982,0.000678,279.68,5,0.1,3.8473,ROBUST_SIGNIFICANT_NEGATIVE,ROBUST_SIGNIFICANT_NEGATIVE,SEVERE_OVERLAP
price_pos_120h,1h,1,25,-0.01240022,0.00915686,-12.0107,17687,-6.771,0.00189136,-6.5563,0.0,20.46,1,0.0014,1.8319,ROBUST_SIGNIFICANT_NEGATIVE,ROBUST_SIGNIFICANT_NEGATIVE,NO_MAJOR_OVERLAP
price_pos_120h,4h,4,25,-0.01477299,0.0147321,-14.1338,17685,-5.0139,0.00240211,-6.15,0.0,695.82,4,0.0056,2.2982,ROBUST_SIGNIFICANT_NEGATIVE,ROBUST_SIGNIFICANT_NEGATIVE,MODERATE_OVERLAP
price_pos_120h,24h,24,25,-0.00687191,0.0287832,-6.6854,17665,-1.1937,0.0043898,-1.5654,0.117483,165.28,5,0.0333,4.2707,ROBUST_SIGNIFICANT_NEGATIVE,NAIVE_ONLY_SIGNIFICANT,HIGH_OVERLAP
price_pos_120h,72h,72,25,0.00255032,0.04327172,3.2908,17617,0.2947,0.00670583,0.3803,0.703712,25.0,5,0.1,8.6528,ROBUST_SIGNIFICANT_POSITIVE,NAIVE_ONLY_SIGNIFICANT,SEVERE_OVERLAP
price_pos_24h,1h,1,25,-0.02078283,0.00935116,-20.696,17783,-11.1124,0.00194004,-10.7126,0.0,20.13,1,0.0014,1.9319,ROBUST_SIGNIFICANT_NEGATIVE,ROBUST_SIGNIFICANT_NEGATIVE,NO_MAJOR_OVERLAP
price_pos_24h,4h,4,25,-0.02023687,0.01364404,-19.8453,17781,-7.416,0.00216541,-9.3455,0.0,61.05,4,0.0056,2.1235,ROBUST_SIGNIFICANT_NEGATIVE,ROBUST_SIGNIFICANT_NEGATIVE,MODERATE_OVERLAP
price_pos_24h,24h,24,25,-0.00833148,0.02294261,-9.0024,17761,-1.8157,0.00396677,-2.1003,0.035701,75.0,5,0.0333,4.2862,ROBUST_SIGNIFICANT_NEGATIVE,ROBUST_SIGNIFICANT_NEGATIVE,HIGH_OVERLAP
price_pos_24h,72h,72,25,0.00169974,0.02684075,1.5217,17713,0.3166,0.00326893,0.52,0.603087,25.0,5,0.1,2.9265,NOT_SIGNIFICANT,NOT_SIGNIFICANT,SEVERE_OVERLAP
price_pos_72h,1h,1,25,-0.01538572,0.00933743,-15.1282,17735,-8.2387,0.00191159,-8.0487,0.0,21.13,1,0.0014,1.8796,ROBUST_SIGNIFICANT_NEGATIVE,ROBUST_SIGNIFICANT_NEGATIVE,NO_MAJOR_OVERLAP
price_pos_72h,4h,4,25,-0.01771309,0.01478393,-17.2105,17733,-5.9907,0.0023775,-7.4503,0.0,83.38,4,0.0056,2.31,ROBUST_SIGNIFICANT_NEGATIVE,ROBUST_SIGNIFICANT_NEGATIVE,MODERATE_OVERLAP
price_pos_72h,24h,24,25,-0.01046396,0.0281626,-10.0922,17713,-1.8578,0.00379329,-2.7585,0.005806,143.89,5,0.0333,3.6585,ROBUST_SIGNIFICANT_NEGATIVE,ROBUST_SIGNIFICANT_NEGATIVE,HIGH_OVERLAP
price_pos_72h,72h,72,25,0.00171555,0.03976311,2.4408,17665,0.2157,0.00531742,0.3226,0.746977,25.0,5,0.1,7.5654,ROBUST_SIGNIFICANT_POSITIVE,NAIVE_ONLY_SIGNIFICANT,SEVERE_OVERLAP
price_volume_corr_20h,1h,1,25,-0.02132877,0.00673222,-25.2656,17766,-15.8408,0.00149556,-14.2614,0.0,15.92,1,0.0014,1.7716,ROBUST_SIGNIFICANT_NEGATIVE,ROBUST_SIGNIFICANT_NEGATIVE,NO_MAJOR_OVERLAP
price_volume_corr_20h,4h,4,25,-0.03109276,0.01090827,-36.3568,17764,-14.2519,0.00201219,-15.4522,0.0,31.22,4,0.0056,2.3529,ROBUST_SIGNIFICANT_NEGATIVE,ROBUST_SIGNIFICANT_NEGATIVE,MODERATE_OVERLAP
price_volume_corr_20h,24h,24,25,-0.03876726,0.01909877,-46.3692,17744,-10.1492,0.00397673,-9.7485,0.0,21.66,5,0.0333,4.7565,ROBUST_SIGNIFICANT_NEGATIVE,ROBUST_SIGNIFICANT_NEGATIVE,HIGH_OVERLAP
price_volume_corr_20h,72h,72,25,-0.03542744,0.01830697,-42.5232,17696,-9.6759,0.00216357,-16.3745,0.0,58.2,5,0.1,2.5969,ROBUST_SIGNIFICANT_NEGATIVE,ROBUST_SIGNIFICANT_NEGATIVE,SEVERE_OVERLAP
q158_beta_20h,1h,1,25,-0.01283792,0.00707077,-11.1663,17787,-9.0782,0.0015182,-8.456,0.0,17.84,1,0.0014,1.3205,ROBUST_SIGNIFICANT_NEGATIVE,ROBUST_SIGNIFICANT_NEGATIVE,NO_MAJOR_OVERLAP
q158_beta_20h,4h,4,25,-0.02031018,0.01293508,-17.3931,17785,-7.8508,0.00229575,-8.8469,0.0,47.43,4,0.0056,1.966,ROBUST_SIGNIFICANT_NEGATIVE,ROBUST_SIGNIFICANT_NEGATIVE,MODERATE_OVERLAP
q158_beta_20h,24h,24,25,-0.02354852,0.02498394,-20.3019,17765,-4.7127,0.00516695,-4.5575,5e-06,26.92,5,0.0333,4.4546,ROBUST_SIGNIFICANT_NEGATIVE,ROBUST_SIGNIFICANT_NEGATIVE,HIGH_OVERLAP
q158_beta_20h,72h,72,25,-0.0145225,0.02826155,-12.5132,17717,-2.5693,0.00394969,-3.6769,0.000236,100.11,5,0.1,3.4032,ROBUST_SIGNIFICANT_NEGATIVE,ROBUST_SIGNIFICANT_NEGATIVE,SEVERE_OVERLAP
q158_cntd_20h,1h,1,25,-0.0090626,0.00660577,-10.8132,17786,-6.8596,0.00117637,-7.7039,0.0,38.36,1,0.0014,1.4036,ROBUST_SIGNIFICANT_NEGATIVE,ROBUST_SIGNIFICANT_NEGATIVE,NO_MAJOR_OVERLAP
q158_cntd_20h,4h,4,25,-0.01071958,0.01238863,-12.7035,17784,-4.3264,0.00213159,-5.0289,0.0,67.9,4,0.0056,2.5261,ROBUST_SIGNIFICANT_NEGATIVE,ROBUST_SIGNIFICANT_NEGATIVE,MODERATE_OVERLAP
q158_cntd_20h,24h,24,25,-0.00247142,0.02387737,-3.6968,17764,-0.5175,0.00451431,-0.5475,0.58406,29.39,5,0.0333,6.7526,ROBUST_SIGNIFICANT_NEGATIVE,NAIVE_ONLY_SIGNIFICANT,HIGH_OVERLAP
q158_cntd_20h,72h,72,25,-3.7e-06,0.02296334,-0.254,17716,-0.0008,0.00375004,-0.001,0.999212,30.11,5,0.1,257.213,NOT_SIGNIFICANT,NOT_SIGNIFICANT,SEVERE_OVERLAP
q158_cntn_20h,1h,1,25,0.00777691,0.00647295,9.3114,17786,6.0072,0.00109437,7.1063,0.0,51.15,1,0.0014,1.3103,ROBUST_SIGNIFICANT_POSITIVE,ROBUST_SIGNIFICANT_POSITIVE,NO_MAJOR_OVERLAP
q158_cntn_20h,4h,4,25,0.00928275,0.01222788,11.0645,17784,3.7957,0.00206391,4.4977,7e-06,69.46,4,0.0056,2.4601,ROBUST_SIGNIFICANT_POSITIVE,ROBUST_SIGNIFICANT_POSITIVE,MODERATE_OVERLAP
q158_cntn_20h,24h,24,25,0.00093121,0.02395658,1.9392,17764,0.1944,0.00454538,0.2049,0.837675,30.29,5,0.0333,9.4656,NOT_SIGNIFICANT,NOT_SIGNIFICANT,HIGH_OVERLAP
q158_cntn_20h,72h,72,25,-0.0018485,0.02260887,-2.0229,17716,-0.4088,0.00376692,-0.4907,0.623625,28.76,5,0.1,4.1223,ROBUST_SIGNIFICANT_NEGATIVE,NAIVE_ONLY_SIGNIFICANT,SEVERE_OVERLAP
q158_cntp_20h,1h,1,25,-0.00969665,0.00657262,-11.8747,17786,-7.3765,0.00119719,-8.0995,0.0,34.34,1,0.0014,1.4661,ROBUST_SIGNIFICANT_NEGATIVE,ROBUST_SIGNIFICANT_NEGATIVE,NO_MAJOR_OVERLAP
q158_cntp_20h,4h,4,25,-0.01151662,0.01206412,-13.9363,17784,-4.7731,0.00199803,-5.764,0.0,103.52,4,0.0056,2.4178,ROBUST_SIGNIFICANT_NEGATIVE,ROBUST_SIGNIFICANT_NEGATIVE,MODERATE_OVERLAP
q158_cntp_20h,24h,24,25,-0.00348108,0.02305554,-4.9503,17764,-0.7549,0.00428796,-0.8118,0.416891,30.28,5,0.0333,6.0977,ROBUST_SIGNIFICANT_NEGATIVE,NAIVE_ONLY_SIGNIFICANT,HIGH_OVERLAP
q158_cntp_20h,72h,72,25,-0.00148221,0.02325761,-2.1088,17716,-0.3187,0.0036409,-0.4071,0.683935,32.54,5,0.1,5.1801,ROBUST_SIGNIFICANT_NEGATIVE,NAIVE_ONLY_SIGNIFICANT,SEVERE_OVERLAP
q158_cord_20h,1h,1,25,-0.02159393,0.00655117,-25.5756,17766,-16.481,0.0014458,-14.9356,0.0,16.27,1,0.0014,1.7124,ROBUST_SIGNIFICANT_NEGATIVE,ROBUST_SIGNIFICANT_NEGATIVE,NO_MAJOR_OVERLAP
q158_cord_20h,4h,4,25,-0.03122095,0.01046153,-36.5518,17764,-14.9218,0.00186288,-16.7595,0.0,33.71,4,0.0056,2.181,ROBUST_SIGNIFICANT_NEGATIVE,ROBUST_SIGNIFICANT_NEGATIVE,MODERATE_OVERLAP
q158_cord_20h,24h,24,25,-0.0382059,0.01962618,-45.7255,17744,-9.7334,0.00406753,-9.3929,0.0,24.59,5,0.0333,4.8681,ROBUST_SIGNIFICANT_NEGATIVE,ROBUST_SIGNIFICANT_NEGATIVE,HIGH_OVERLAP
q158_cord_20h,72h,72,25,-0.03465203,0.01850464,-41.6062,17696,-9.3631,0.00231434,-14.9727,0.0,59.85,5,0.1,2.7788,ROBUST_SIGNIFICANT_NEGATIVE,ROBUST_SIGNIFICANT_NEGATIVE,SEVERE_OVERLAP
q158_corr_20h,1h,1,25,-0.01987854,0.00568745,-22.6817,17787,-17.4758,0.00128988,-15.4112,0.0,14.89,1,0.0014,1.4718,ROBUST_SIGNIFICANT_NEGATIVE,ROBUST_SIGNIFICANT_NEGATIVE,NO_MAJOR_OVERLAP
q158_corr_20h,4h,4,25,-0.03078378,0.0108365,-34.684,17785,-14.2037,0.00242429,-12.6981,0.0,23.9,4,0.0056,2.7314,ROBUST_SIGNIFICANT_NEGATIVE,ROBUST_SIGNIFICANT_NEGATIVE,MODERATE_OVERLAP
q158_corr_20h,24h,24,25,-0.04290615,0.01709309,-49.1868,17765,-12.5507,0.0034942,-12.2793,0.0,20.68,5,0.0333,4.0057,ROBUST_SIGNIFICANT_NEGATIVE,ROBUST_SIGNIFICANT_NEGATIVE,HIGH_OVERLAP
q158_corr_20h,72h,72,25,-0.04123572,0.01715354,-47.4912,17717,-12.0196,0.00253711,-16.253,0.0,35.47,5,0.1,2.922,ROBUST_SIGNIFICANT_NEGATIVE,ROBUST_SIGNIFICANT_NEGATIVE,SEVERE_OVERLAP
q158_high_low_range,1h,1,25,-0.03672425,0.01052638,-24.1094,17805,-17.4439,0.00245974,-14.9302,0.0,13.56,1,0.0014,1.6148,ROBUST_SIGNIFICANT_NEGATIVE,ROBUST_SIGNIFICANT_NEGATIVE,NO_MAJOR_OVERLAP
q158_high_low_range,4h,4,25,-0.05222852,0.01407306,-35.0851,17803,-18.5562,0.00323146,-16.1625,0.0,23.25,4,0.0056,2.1708,ROBUST_SIGNIFICANT_NEGATIVE,ROBUST_SIGNIFICANT_NEGATIVE,MODERATE_OVERLAP
q158_high_low_range,24h,24,25,-0.07925783,0.02917848,-53.7869,17783,-13.5816,0.00537531,-14.7448,0.0,32.71,5,0.0333,3.6479,ROBUST_SIGNIFICANT_NEGATIVE,ROBUST_SIGNIFICANT_NEGATIVE,HIGH_OVERLAP
q158_high_low_range,72h,72,25,-0.08975107,0.04638798,-62.2471,17735,-9.674,0.00590944,-15.1877,0.0,147.37,5,0.1,4.0985,ROBUST_SIGNIFICANT_NEGATIVE,ROBUST_SIGNIFICANT_NEGATIVE,SEVERE_OVERLAP
q158_imax_20h,1h,1,25,0.00878537,0.00614512,10.1602,17787,7.1482,0.00126632,6.9377,0.0,20.63,1,0.0014,1.4645,ROBUST_SIGNIFICANT_POSITIVE,ROBUST_SIGNIFICANT_POSITIVE,NO_MAJOR_OVERLAP
q158_imax_20h,4h,4,25,0.01242377,0.01248378,14.4978,17785,4.976,0.00205241,6.0533,0.0,224.08,4,0.0056,2.395,ROBUST_SIGNIFICANT_POSITIVE,ROBUST_SIGNIFICANT_POSITIVE,MODERATE_OVERLAP
q158_imax_20h,24h,24,25,0.00785637,0.01674757,9.6992,17765,2.3455,0.00315785,2.4879,0.012851,40.6,5,0.0333,3.8986,ROBUST_SIGNIFICANT_POSITIVE,ROBUST_SIGNIFICANT_POSITIVE,HIGH_OVERLAP
q158_imax_20h,72h,72,25,0.00242864,0.01573274,2.7168,17717,0.7718,0.00271337,0.8951,0.370753,28.62,5,0.1,3.0353,ROBUST_SIGNIFICANT_POSITIVE,NAIVE_ONLY_SIGNIFICANT,SEVERE_OVERLAP
q158_imin_20h,1h,1,25,-0.00753321,0.00572073,-9.0457,17756,-6.5841,0.00119874,-6.2843,0.0,19.43,1,0.0014,1.4394,ROBUST_SIGNIFICANT_NEGATIVE,ROBUST_SIGNIFICANT_NEGATIVE,NO_MAJOR_OVERLAP
q158_imin_20h,4h,4,25,-0.01056665,0.01101475,-12.7685,17754,-4.7966,0.00204783,-5.1599,0.0,31.52,4,0.0056,2.4745,ROBUST_SIGNIFICANT_NEGATIVE,ROBUST_SIGNIFICANT_NEGATIVE,MODERATE_OVERLAP
q158_imin_20h,24h,24,25,-0.01275982,0.01706136,-15.3021,17734,-3.7394,0.00431719,-2.9556,0.003121,12.09,5,0.0333,5.1774,ROBUST_SIGNIFICANT_NEGATIVE,ROBUST_SIGNIFICANT_NEGATIVE,HIGH_OVERLAP
q158_imin_20h,72h,72,25,-0.0078783,0.01865105,-9.5861,17686,-2.112,0.00306774,-2.5681,0.010226,42.25,5,0.1,3.7327,ROBUST_SIGNIFICANT_NEGATIVE,ROBUST_SIGNIFICANT_NEGATIVE,SEVERE_OVERLAP
q158_imxd_20h,1h,1,25,0.01047158,0.00667961,11.7583,17787,7.8385,0.00130612,8.0173,0.0,25.22,1,0.0014,1.4666,ROBUST_SIGNIFICANT_POSITIVE,ROBUST_SIGNIFICANT_POSITIVE,NO_MAJOR_OVERLAP
q158_imxd_20h,4h,4,25,0.0149584,0.01325639,16.9504,17785,5.642,0.00189038,7.9129,0.0,25.0,4,0.0056,2.1421,ROBUST_SIGNIFICANT_POSITIVE,ROBUST_SIGNIFICANT_POSITIVE,MODERATE_OVERLAP
q158_imxd_20h,24h,24,25,0.0126941,0.0190263,14.4108,17765,3.3359,0.00404267,3.14,0.001689,23.36,5,0.0333,4.5894,ROBUST_SIGNIFICANT_POSITIVE,ROBUST_SIGNIFICANT_POSITIVE,HIGH_OVERLAP
q158_imxd_20h,72h,72,25,0.00591673,0.02007133,6.6764,17717,1.4739,0.00329417,1.7961,0.072475,35.29,5,0.1,3.7171,ROBUST_SIGNIFICANT_POSITIVE,NAIVE_ONLY_SIGNIFICANT,SEVERE_OVERLAP
q158_klen_open,1h,1,25,-0.03702782,0.0105181,-24.3097,17805,-17.602,0.00245784,-15.0652,0.0,13.56,1,0.0014,1.6136,ROBUST_SIGNIFICANT_NEGATIVE,ROBUST_SIGNIFICANT_NEGATIVE,NO_MAJOR_OVERLAP
q158_klen_open,4h,4,25,-0.05245697,0.01407645,-35.2479,17803,-18.6329,0.00323133,-16.2339,0.0,23.42,4,0.0056,2.1713,ROBUST_SIGNIFICANT_NEGATIVE,ROBUST_SIGNIFICANT_NEGATIVE,MODERATE_OVERLAP
q158_klen_open,24h,24,25,-0.07936137,0.02918269,-53.879,17783,-13.5973,0.00536287,-14.7983,0.0,33.04,5,0.0333,3.6409,ROBUST_SIGNIFICANT_NEGATIVE,ROBUST_SIGNIFICANT_NEGATIVE,HIGH_OVERLAP
q158_klen_open,72h,72,25,-0.08976896,0.0463702,-62.2806,17735,-9.6796,0.00590042,-15.214,0.0,147.95,5,0.1,4.0936,ROBUST_SIGNIFICANT_NEGATIVE,ROBUST_SIGNIFICANT_NEGATIVE,SEVERE_OVERLAP
q158_klow_open,1h,1,25,-0.02744963,0.00737486,-24.2414,17805,-18.6103,0.00154335,-17.7857,0.0,19.52,1,0.0014,1.363,ROBUST_SIGNIFICANT_NEGATIVE,ROBUST_SIGNIFICANT_NEGATIVE,NO_MAJOR_OVERLAP
q158_klow_open,4h,4,25,-0.03238667,0.00802958,-29.2194,17803,-20.1671,0.00138851,-23.3247,0.0,50.8,4,0.0056,1.2527,ROBUST_SIGNIFICANT_NEGATIVE,ROBUST_SIGNIFICANT_NEGATIVE,MODERATE_OVERLAP
q158_klow_open,24h,24,25,-0.04614444,0.01680891,-41.7788,17783,-13.7262,0.00292973,-15.7504,0.0,36.57,5,0.0333,2.6526,ROBUST_SIGNIFICANT_NEGATIVE,ROBUST_SIGNIFICANT_NEGATIVE,HIGH_OVERLAP
q158_klow_open,72h,72,25,-0.05413986,0.0278417,-49.6557,17735,-9.7228,0.00334962,-16.163,0.0,157.75,5,0.1,3.0722,ROBUST_SIGNIFICANT_NEGATIVE,ROBUST_SIGNIFICANT_NEGATIVE,SEVERE_OVERLAP
q158_ksft_open,1h,1,25,-0.03906693,0.01051927,-32.8797,17805,-18.5692,0.00227248,-17.1913,0.0,17.47,1,0.0014,1.9126,ROBUST_SIGNIFICANT_NEGATIVE,ROBUST_SIGNIFICANT_NEGATIVE,NO_MAJOR_OVERLAP
q158_ksft_open,4h,4,25,-0.02487026,0.01091936,-21.229,17803,-11.3882,0.00177084,-14.0443,0.0,34.51,4,0.0056,1.5116,ROBUST_SIGNIFICANT_NEGATIVE,ROBUST_SIGNIFICANT_NEGATIVE,MODERATE_OVERLAP
q158_ksft_open,24h,24,25,-0.00664819,0.00647599,-5.7727,17783,-5.133,0.00175128,-3.7962,0.000147,9.85,5,0.0333,1.5207,ROBUST_SIGNIFICANT_NEGATIVE,ROBUST_SIGNIFICANT_NEGATIVE,HIGH_OVERLAP
q158_ksft_open,72h,72,25,-0.00024332,0.00843618,-0.0288,17735,-0.1442,0.00165025,-0.1474,0.882783,48.15,5,0.1,0.1953,NOT_SIGNIFICANT,NOT_SIGNIFICANT,SEVERE_OVERLAP
q158_ksft_range,1h,1,25,-0.03354614,0.01013569,-36.4073,17805,-16.5485,0.00227711,-14.7319,0.0,15.35,1,0.0014,2.4713,ROBUST_SIGNIFICANT_NEGATIVE,ROBUST_SIGNIFICANT_NEGATIVE,NO_MAJOR_OVERLAP
q158_ksft_range,4h,4,25,-0.02118613,0.00937553,-23.1611,17803,-11.2986,0.00174396,-12.1483,0.0,21.14,4,0.0056,1.9065,ROBUST_SIGNIFICANT_NEGATIVE,ROBUST_SIGNIFICANT_NEGATIVE,MODERATE_OVERLAP
q158_ksft_range,24h,24,25,-0.00471556,0.00734902,-5.3165,17783,-3.2083,0.00192867,-2.445,0.014486,10.49,5,0.0333,2.1745,ROBUST_SIGNIFICANT_NEGATIVE,ROBUST_SIGNIFICANT_NEGATIVE,HIGH_OVERLAP
q158_ksft_range,72h,72,25,0.00038595,0.00889478,0.4872,17735,0.217,0.00165213,0.2336,0.81529,50.25,5,0.1,2.0856,NOT_SIGNIFICANT,NOT_SIGNIFICANT,SEVERE_OVERLAP
q158_kup_open,1h,1,25,-0.01160215,0.0106113,-10.1401,17805,-5.4669,0.00244608,-4.7432,2e-06,14.14,1,0.0014,2.1378,ROBUST_SIGNIFICANT_NEGATIVE,ROBUST_SIGNIFICANT_NEGATIVE,NO_MAJOR_OVERLAP
q158_kup_open,4h,4,25,-0.0259261,0.00827243,-23.1322,17803,-15.6702,0.00153552,-16.8843,0.0,44.93,4,0.0056,1.37,ROBUST_SIGNIFICANT_NEGATIVE,ROBUST_SIGNIFICANT_NEGATIVE,MODERATE_OVERLAP
q158_kup_open,24h,24,25,-0.04775657,0.01834807,-42.9534,17783,-13.0141,0.00318587,-14.9901,0.0,40.01,5,0.0333,2.8654,ROBUST_SIGNIFICANT_NEGATIVE,ROBUST_SIGNIFICANT_NEGATIVE,HIGH_OVERLAP
q158_kup_open,72h,72,25,-0.05525873,0.02775636,-51.0153,17735,-9.9542,0.00321147,-17.2067,0.0,489.64,5,0.1,2.9649,ROBUST_SIGNIFICANT_NEGATIVE,ROBUST_SIGNIFICANT_NEGATIVE,SEVERE_OVERLAP
q158_ma_20h,1h,1,25,0.03017855,0.010389,24.8571,17787,14.5243,0.00232675,12.9702,0.0,15.5,1,0.0014,1.9165,ROBUST_SIGNIFICANT_POSITIVE,ROBUST_SIGNIFICANT_POSITIVE,NO_MAJOR_OVERLAP
q158_ma_20h,4h,4,25,0.03435013,0.01317701,28.0088,17785,13.0341,0.00269994,12.7226,0.0,21.78,4,0.0056,2.2015,ROBUST_SIGNIFICANT_POSITIVE,ROBUST_SIGNIFICANT_POSITIVE,MODERATE_OVERLAP
q158_ma_20h,24h,24,25,0.02855161,0.02308961,23.6985,17765,6.1828,0.00500309,5.7068,0.0,19.98,5,0.0333,4.1527,ROBUST_SIGNIFICANT_POSITIVE,ROBUST_SIGNIFICANT_POSITIVE,HIGH_OVERLAP
q158_ma_20h,72h,72,25,0.01498851,0.02736125,12.987,17717,2.739,0.00411159,3.6454,0.000267,61.82,5,0.1,3.5625,ROBUST_SIGNIFICANT_POSITIVE,ROBUST_SIGNIFICANT_POSITIVE,SEVERE_OVERLAP
q158_max_20h,1h,1,25,-0.00482197,0.01209609,-3.7797,17787,-1.9932,0.00257971,-1.8692,0.061596,18.26,1,0.0014,2.0221,ROBUST_SIGNIFICANT_NEGATIVE,NAIVE_ONLY_SIGNIFICANT,NO_MAJOR_OVERLAP
q158_max_20h,4h,4,25,-0.015383,0.01398184,-11.3046,17785,-5.5011,0.00303645,-5.0661,0.0,20.51,4,0.0056,2.2314,ROBUST_SIGNIFICANT_NEGATIVE,ROBUST_SIGNIFICANT_NEGATIVE,MODERATE_OVERLAP
q158_max_20h,24h,24,25,-0.04428024,0.02722971,-32.0543,17765,-8.1309,0.0048909,-9.0536,0.0,59.4,5,0.0333,3.5405,ROBUST_SIGNIFICANT_NEGATIVE,ROBUST_SIGNIFICANT_NEGATIVE,HIGH_OVERLAP
q158_max_20h,72h,72,25,-0.06258243,0.04138562,-47.9056,17717,-7.5609,0.00499055,-12.5402,0.0,25.0,5,0.1,3.8202,ROBUST_SIGNIFICANT_NEGATIVE,ROBUST_SIGNIFICANT_NEGATIVE,SEVERE_OVERLAP
q158_min_20h,1h,1,25,0.04407224,0.0083598,37.5109,17787,26.3596,0.0017819,24.7332,0.0,18.3,1,0.0014,1.5166,ROBUST_SIGNIFICANT_POSITIVE,ROBUST_SIGNIFICANT_POSITIVE,NO_MAJOR_OVERLAP
q158_min_20h,4h,4,25,0.05393279,0.01387975,46.1684,17785,19.4286,0.00126297,42.7032,0.0,25.0,4,0.0056,1.0811,ROBUST_SIGNIFICANT_POSITIVE,ROBUST_SIGNIFICANT_POSITIVE,MODERATE_OVERLAP
q158_min_20h,24h,24,25,0.06514516,0.0243299,54.8047,17765,13.3879,0.003249,20.0508,0.0,98.94,5,0.0333,2.7333,ROBUST_SIGNIFICANT_POSITIVE,ROBUST_SIGNIFICANT_POSITIVE,HIGH_OVERLAP
q158_min_20h,72h,72,25,0.06638574,0.03088116,56.2966,17717,10.7486,0.00335598,19.7813,0.0,71.71,5,0.1,2.8459,ROBUST_SIGNIFICANT_POSITIVE,ROBUST_SIGNIFICANT_POSITIVE,SEVERE_OVERLAP
q158_qtld_20h,1h,1,25,0.03845912,0.00958271,33.6936,17787,20.0669,0.00214654,17.9168,0.0,15.5,1,0.0014,1.8806,ROBUST_SIGNIFICANT_POSITIVE,ROBUST_SIGNIFICANT_POSITIVE,NO_MAJOR_OVERLAP
q158_qtld_20h,4h,4,25,0.04507155,0.01302649,39.0975,17785,17.3,0.00211936,21.2666,0.0,56.33,4,0.0056,1.8384,ROBUST_SIGNIFICANT_POSITIVE,ROBUST_SIGNIFICANT_POSITIVE,MODERATE_OVERLAP
q158_qtld_20h,24h,24,25,0.04535361,0.01988475,39.3866,17765,11.4041,0.00410958,11.0361,0.0,21.65,5,0.0333,3.5689,ROBUST_SIGNIFICANT_POSITIVE,ROBUST_SIGNIFICANT_POSITIVE,HIGH_OVERLAP
q158_qtld_20h,72h,72,25,0.03660537,0.0223551,33.0299,17717,8.1873,0.00327721,11.1697,0.0,28.38,5,0.1,2.9571,ROBUST_SIGNIFICANT_POSITIVE,ROBUST_SIGNIFICANT_POSITIVE,SEVERE_OVERLAP
q158_qtlu_20h,1h,1,25,0.02219682,0.01200796,17.8158,17787,9.2425,0.00265644,8.3559,0.0,16.14,1,0.0014,2.1321,ROBUST_SIGNIFICANT_POSITIVE,ROBUST_SIGNIFICANT_POSITIVE,NO_MAJOR_OVERLAP
q158_qtlu_20h,4h,4,25,0.02204185,0.01442288,17.6656,17785,7.6413,0.00303765,7.2562,0.0,19.28,4,0.0056,2.4345,ROBUST_SIGNIFICANT_POSITIVE,ROBUST_SIGNIFICANT_POSITIVE,MODERATE_OVERLAP
q158_qtlu_20h,24h,24,25,0.00772995,0.02500282,6.9722,17765,1.5458,0.00520936,1.4839,0.137846,24.78,5,0.0333,4.6987,ROBUST_SIGNIFICANT_POSITIVE,NAIVE_ONLY_SIGNIFICANT,HIGH_OVERLAP
q158_qtlu_20h,72h,72,25,-0.00935323,0.03049342,-7.4894,17717,-1.5336,0.00432495,-2.1626,0.03057,25.0,5,0.1,3.4631,ROBUST_SIGNIFICANT_NEGATIVE,ROBUST_SIGNIFICANT_NEGATIVE,SEVERE_OVERLAP
q158_rank_close_20h,1h,1,25,-0.02817816,0.00972858,-28.0473,17785,-14.4822,0.00217509,-12.9549,0.0,15.59,1,0.0014,2.165,ROBUST_SIGNIFICANT_NEGATIVE,ROBUST_SIGNIFICANT_NEGATIVE,NO_MAJOR_OVERLAP
q158_rank_close_20h,4h,4,25,-0.03135464,0.01341018,-30.8276,17783,-11.6906,0.00267388,-11.7263,0.0,20.35,4,0.0056,2.6289,ROBUST_SIGNIFICANT_NEGATIVE,ROBUST_SIGNIFICANT_NEGATIVE,MODERATE_OVERLAP
q158_rank_close_20h,24h,24,25,-0.02169038,0.0206318,-21.9515,17763,-5.2565,0.00439114,-4.9396,1e-06,18.82,5,0.0333,4.444,ROBUST_SIGNIFICANT_NEGATIVE,ROBUST_SIGNIFICANT_NEGATIVE,HIGH_OVERLAP
q158_rank_close_20h,72h,72,25,-0.01096914,0.02179026,-11.8445,17715,-2.517,0.00331972,-3.3042,0.000952,58.41,5,0.1,3.5846,ROBUST_SIGNIFICANT_NEGATIVE,ROBUST_SIGNIFICANT_NEGATIVE,SEVERE_OVERLAP
q158_resi_20h,1h,1,25,-0.03051367,0.01297541,-25.2985,17787,-11.7583,0.0028336,-10.7685,0.0,16.85,1,0.0014,2.3493,ROBUST_SIGNIFICANT_NEGATIVE,ROBUST_SIGNIFICANT_NEGATIVE,NO_MAJOR_OVERLAP
q158_resi_20h,4h,4,25,-0.02568313,0.01729215,-21.2833,17785,-7.4262,0.00331616,-7.7448,0.0,20.14,4,0.0056,2.7481,ROBUST_SIGNIFICANT_NEGATIVE,ROBUST_SIGNIFICANT_NEGATIVE,MODERATE_OVERLAP
q158_resi_20h,24h,24,25,-0.01401487,0.00988985,-11.7717,17765,-7.0855,0.00250004,-5.6058,0.0,11.96,5,0.0333,2.0999,ROBUST_SIGNIFICANT_NEGATIVE,ROBUST_SIGNIFICANT_NEGATIVE,HIGH_OVERLAP
q158_resi_20h,72h,72,25,-0.00744448,0.00673987,-6.8829,17717,-5.5227,0.0018603,-4.0018,6.3e-05,9.36,5,0.1,1.72,ROBUST_SIGNIFICANT_NEGATIVE,ROBUST_SIGNIFICANT_NEGATIVE,SEVERE_OVERLAP
q158_roc_20h,1h,1,25,0.02224582,0.00784459,18.9937,17786,14.1791,0.0017499,12.7127,0.0,15.71,1,0.0014,1.4941,ROBUST_SIGNIFICANT_POSITIVE,ROBUST_SIGNIFICANT_POSITIVE,NO_MAJOR_OVERLAP
q158_roc_20h,4h,4,25,0.02903504,0.01295468,24.3102,17784,11.2064,0.00231812,12.5253,0.0,51.25,4,0.0056,1.9409,ROBUST_SIGNIFICANT_POSITIVE,ROBUST_SIGNIFICANT_POSITIVE,MODERATE_OVERLAP
q158_roc_20h,24h,24,25,0.02799642,0.02651984,23.8853,17764,5.2784,0.00545895,5.1285,0.0,29.11,5,0.0333,4.6573,ROBUST_SIGNIFICANT_POSITIVE,ROBUST_SIGNIFICANT_POSITIVE,HIGH_OVERLAP
q158_roc_20h,72h,72,25,0.01865454,0.03122552,15.9487,17716,2.9871,0.00450207,4.1435,3.4e-05,102.86,5,0.1,3.849,ROBUST_SIGNIFICANT_POSITIVE,ROBUST_SIGNIFICANT_POSITIVE,SEVERE_OVERLAP
q158_rsqr_20h,1h,1,25,0.00203577,0.00624575,2.42,17787,1.6297,0.00137627,1.4792,0.139088,16.35,1,0.0014,1.636,ROBUST_SIGNIFICANT_POSITIVE,NAIVE_ONLY_SIGNIFICANT,NO_MAJOR_OVERLAP
q158_rsqr_20h,4h,4,25,0.0036381,0.01114301,4.2005,17785,1.6325,0.00291557,1.2478,0.212098,12.28,4,0.0056,3.3663,ROBUST_SIGNIFICANT_POSITIVE,NAIVE_ONLY_SIGNIFICANT,MODERATE_OVERLAP
q158_rsqr_20h,24h,24,25,0.00386624,0.01541602,4.5116,17765,1.254,0.00346743,1.115,0.264844,25.86,5,0.0333,4.0462,ROBUST_SIGNIFICANT_POSITIVE,NAIVE_ONLY_SIGNIFICANT,HIGH_OVERLAP
q158_rsqr_20h,72h,72,25,0.00066999,0.01663491,0.6096,17717,0.2014,0.00310611,0.2157,0.82922,531.95,5,0.1,2.8261,NOT_SIGNIFICANT,NOT_SIGNIFICANT,SEVERE_OVERLAP
q158_rsv_20h,1h,1,25,-0.02161807,0.00945514,-21.5703,17787,-11.4319,0.00192498,-11.2303,0.0,21.57,1,0.0014,1.9207,ROBUST_SIGNIFICANT_NEGATIVE,ROBUST_SIGNIFICANT_NEGATIVE,NO_MAJOR_OVERLAP
q158_rsv_20h,4h,4,25,-0.02073417,0.0136171,-20.3302,17785,-7.6133,0.00214429,-9.6695,0.0,62.25,4,0.0056,2.1025,ROBUST_SIGNIFICANT_NEGATIVE,ROBUST_SIGNIFICANT_NEGATIVE,MODERATE_OVERLAP
q158_rsv_20h,24h,24,25,-0.00790342,0.02190649,-8.5445,17765,-1.8039,0.00391701,-2.0177,0.043621,52.22,5,0.0333,4.2347,ROBUST_SIGNIFICANT_NEGATIVE,ROBUST_SIGNIFICANT_NEGATIVE,HIGH_OVERLAP
q158_rsv_20h,72h,72,25,0.00167312,0.02544765,1.5274,17717,0.3287,0.00308089,0.5431,0.587086,25.0,5,0.1,2.8126,NOT_SIGNIFICANT,NOT_SIGNIFICANT,SEVERE_OVERLAP
q158_std_20h,1h,1,25,-0.02874054,0.01043724,-20.584,17787,-13.7683,0.00224948,-12.7765,0.0,17.61,1,0.0014,1.6111,ROBUST_SIGNIFICANT_NEGATIVE,ROBUST_SIGNIFICANT_NEGATIVE,NO_MAJOR_OVERLAP
q158_std_20h,4h,4,25,-0.04172639,0.01513387,-29.9448,17785,-13.7858,0.00298607,-13.9737,0.0,29.23,4,0.0056,2.1429,ROBUST_SIGNIFICANT_NEGATIVE,ROBUST_SIGNIFICANT_NEGATIVE,MODERATE_OVERLAP
q158_std_20h,24h,24,25,-0.06761034,0.0285796,-47.2979,17765,-11.8284,0.00423896,-15.9498,0.0,25.0,5,0.0333,2.9654,ROBUST_SIGNIFICANT_NEGATIVE,ROBUST_SIGNIFICANT_NEGATIVE,HIGH_OVERLAP
q158_std_20h,72h,72,25,-0.08224386,0.04433882,-59.0156,17717,-9.2745,0.00496107,-16.5778,0.0,25.0,5,0.1,3.5599,ROBUST_SIGNIFICANT_NEGATIVE,ROBUST_SIGNIFICANT_NEGATIVE,SEVERE_OVERLAP
q158_sumd_20h,1h,1,25,-0.02041624,0.00825409,-20.4151,17786,-12.3674,0.00164873,-12.383,0.0,23.19,1,0.0014,1.6486,ROBUST_SIGNIFICANT_NEGATIVE,ROBUST_SIGNIFICANT_NEGATIVE,NO_MAJOR_OVERLAP
q158_sumd_20h,4h,4,25,-0.02568146,0.01502742,-25.0923,17784,-8.5449,0.00223821,-11.4741,0.0,290.45,4,0.0056,2.1869,ROBUST_SIGNIFICANT_NEGATIVE,ROBUST_SIGNIFICANT_NEGATIVE,MODERATE_OVERLAP
q158_sumd_20h,24h,24,25,-0.021216,0.02617334,-21.1369,17764,-4.053,0.00512087,-4.143,3.4e-05,35.46,5,0.0333,5.1018,ROBUST_SIGNIFICANT_NEGATIVE,ROBUST_SIGNIFICANT_NEGATIVE,HIGH_OVERLAP
q158_sumd_20h,72h,72,25,-0.01328766,0.02708226,-13.5516,17716,-2.4532,0.0036118,-3.679,0.000234,372.94,5,0.1,3.6835,ROBUST_SIGNIFICANT_NEGATIVE,ROBUST_SIGNIFICANT_NEGATIVE,SEVERE_OVERLAP
q158_sumn_20h,1h,1,25,0.02016754,0.00826192,20.2302,17786,12.2051,0.00164796,12.2379,0.0,23.32,1,0.0014,1.6531,ROBUST_SIGNIFICANT_POSITIVE,ROBUST_SIGNIFICANT_POSITIVE,NO_MAJOR_OVERLAP
q158_sumn_20h,4h,4,25,0.02536634,0.01497297,24.8416,17784,8.4707,0.00222544,11.3983,0.0,339.65,4,0.0056,2.1794,ROBUST_SIGNIFICANT_POSITIVE,ROBUST_SIGNIFICANT_POSITIVE,MODERATE_OVERLAP
q158_sumn_20h,24h,24,25,0.02051849,0.02628386,20.5575,17764,3.9032,0.00508524,4.0349,5.5e-05,39.84,5,0.0333,5.0949,ROBUST_SIGNIFICANT_POSITIVE,ROBUST_SIGNIFICANT_POSITIVE,HIGH_OVERLAP
q158_sumn_20h,72h,72,25,0.0122727,0.02648789,12.5859,17716,2.3167,0.00347032,3.5365,0.000406,25.0,5,0.1,3.5589,ROBUST_SIGNIFICANT_POSITIVE,ROBUST_SIGNIFICANT_POSITIVE,SEVERE_OVERLAP
q158_sump_20h,1h,1,25,-0.02048954,0.00827403,-20.7765,17786,-12.3818,0.0016485,-12.4292,0.0,23.42,1,0.0014,1.6716,ROBUST_SIGNIFICANT_NEGATIVE,ROBUST_SIGNIFICANT_NEGATIVE,NO_MAJOR_OVERLAP
q158_sump_20h,4h,4,25,-0.02579252,0.01507048,-25.5395,17784,-8.5573,0.00222066,-11.6148,0.0,354.99,4,0.0056,2.1989,ROBUST_SIGNIFICANT_NEGATIVE,ROBUST_SIGNIFICANT_NEGATIVE,MODERATE_OVERLAP
q158_sump_20h,24h,24,25,-0.02148508,0.02645196,-21.6726,17764,-4.0612,0.0051664,-4.1586,3.2e-05,36.05,5,0.0333,5.2115,ROBUST_SIGNIFICANT_NEGATIVE,ROBUST_SIGNIFICANT_NEGATIVE,HIGH_OVERLAP
q158_sump_20h,72h,72,25,-0.01397784,0.02726161,-14.4531,17716,-2.5636,0.00359389,-3.8893,0.000101,252.05,5,0.1,3.7161,ROBUST_SIGNIFICANT_NEGATIVE,ROBUST_SIGNIFICANT_NEGATIVE,SEVERE_OVERLAP
q158_vma_20h,1h,1,25,0.00736968,0.00650424,8.538,17787,5.6653,0.00143345,5.1412,0.0,16.34,1,0.0014,1.6607,ROBUST_SIGNIFICANT_POSITIVE,ROBUST_SIGNIFICANT_POSITIVE,NO_MAJOR_OVERLAP
q158_vma_20h,4h,4,25,0.00704611,0.00832538,8.342,17785,4.2317,0.00120777,5.834,0.0,100.17,4,0.0056,1.4299,ROBUST_SIGNIFICANT_POSITIVE,ROBUST_SIGNIFICANT_POSITIVE,MODERATE_OVERLAP
q158_vma_20h,24h,24,25,0.00395311,0.01131373,5.075,17765,1.747,0.00247793,1.5953,0.110639,29.02,5,0.0333,3.1812,ROBUST_SIGNIFICANT_POSITIVE,NAIVE_ONLY_SIGNIFICANT,HIGH_OVERLAP
q158_vma_20h,72h,72,25,0.00238577,0.00892886,2.8265,17717,1.336,0.00184551,1.2927,0.196099,25.0,5,0.1,2.1864,ROBUST_SIGNIFICANT_POSITIVE,NAIVE_ONLY_SIGNIFICANT,SEVERE_OVERLAP
q158_vstd_20h,1h,1,25,0.00685453,0.00669872,8.0277,17787,5.1163,0.00150401,4.5575,5e-06,15.38,1,0.0014,1.7614,ROBUST_SIGNIFICANT_POSITIVE,ROBUST_SIGNIFICANT_POSITIVE,NO_MAJOR_OVERLAP
q158_vstd_20h,4h,4,25,0.0063199,0.00951387,7.4602,17785,3.3214,0.00175765,3.5957,0.000324,32.32,4,0.0056,2.0748,ROBUST_SIGNIFICANT_POSITIVE,ROBUST_SIGNIFICANT_POSITIVE,MODERATE_OVERLAP
q158_vstd_20h,24h,24,25,0.00540991,0.01626563,6.9632,17765,1.663,0.00413444,1.3085,0.190704,11.87,5,0.0333,5.3215,ROBUST_SIGNIFICANT_POSITIVE,NAIVE_ONLY_SIGNIFICANT,HIGH_OVERLAP
q158_vstd_20h,72h,72,25,0.00642449,0.01764252,7.854,17717,1.8207,0.00394338,1.6292,0.103274,32.37,5,0.1,4.8208,ROBUST_SIGNIFICANT_POSITIVE,NAIVE_ONLY_SIGNIFICANT,SEVERE_OVERLAP
q158_vsumd_20h,1h,1,25,-0.00580658,0.00585674,-6.8894,17786,-4.9572,0.00122732,-4.7311,2e-06,19.42,1,0.0014,1.4562,ROBUST_SIGNIFICANT_NEGATIVE,ROBUST_SIGNIFICANT_NEGATIVE,NO_MAJOR_OVERLAP
q158_vsumd_20h,4h,4,25,-0.00568645,0.0074118,-6.9288,17784,-3.8361,0.00118078,-4.8159,1e-06,58.14,4,0.0056,1.4387,ROBUST_SIGNIFICANT_NEGATIVE,ROBUST_SIGNIFICANT_NEGATIVE,MODERATE_OVERLAP
q158_vsumd_20h,24h,24,25,-0.00562858,0.01169228,-7.0834,17764,-2.407,0.00197944,-2.8435,0.004462,117.68,5,0.0333,2.4911,ROBUST_SIGNIFICANT_NEGATIVE,ROBUST_SIGNIFICANT_NEGATIVE,HIGH_OVERLAP
q158_vsumd_20h,72h,72,25,-0.00229666,0.00683033,-2.7371,17716,-1.6812,0.00121562,-1.8893,0.058852,25.0,5,0.1,1.4487,ROBUST_SIGNIFICANT_NEGATIVE,NAIVE_ONLY_SIGNIFICANT,SEVERE_OVERLAP
q158_vsumn_20h,1h,1,25,0.00569519,0.00585588,6.8386,17786,4.8628,0.00122548,4.6473,3e-06,19.52,1,0.0014,1.4715,ROBUST_SIGNIFICANT_POSITIVE,ROBUST_SIGNIFICANT_POSITIVE,NO_MAJOR_OVERLAP
q158_vsumn_20h,4h,4,25,0.00563022,0.0073974,6.9361,17784,3.8055,0.00117191,4.8043,2e-06,59.79,4,0.0056,1.4437,ROBUST_SIGNIFICANT_POSITIVE,ROBUST_SIGNIFICANT_POSITIVE,MODERATE_OVERLAP
q158_vsumn_20h,24h,24,25,0.00520832,0.01162658,6.6415,17764,2.2398,0.00202652,2.5701,0.010167,72.58,5,0.0333,2.5842,ROBUST_SIGNIFICANT_POSITIVE,ROBUST_SIGNIFICANT_POSITIVE,HIGH_OVERLAP
q158_vsumn_20h,72h,72,25,0.00155706,0.00636715,1.8318,17716,1.2227,0.00113555,1.3712,0.170314,25.0,5,0.1,1.3359,NOT_SIGNIFICANT,NOT_SIGNIFICANT,SEVERE_OVERLAP
q158_vsump_20h,1h,1,25,-0.00601839,0.00579053,-7.1439,17786,-5.1968,0.00122222,-4.9241,1e-06,18.93,1,0.0014,1.4508,ROBUST_SIGNIFICANT_NEGATIVE,ROBUST_SIGNIFICANT_NEGATIVE,NO_MAJOR_OVERLAP
q158_vsump_20h,4h,4,25,-0.00605296,0.00726965,-7.3769,17784,-4.1632,0.00106066,-5.7068,0.0,98.65,4,0.0056,1.2927,ROBUST_SIGNIFICANT_NEGATIVE,ROBUST_SIGNIFICANT_NEGATIVE,MODERATE_OVERLAP
q158_vsump_20h,24h,24,25,-0.00617009,0.01185637,-7.74,17764,-2.602,0.00196497,-3.14,0.001689,457.5,5,0.0333,2.4649,ROBUST_SIGNIFICANT_NEGATIVE,ROBUST_SIGNIFICANT_NEGATIVE,HIGH_OVERLAP
q158_vsump_20h,72h,72,25,-0.00325942,0.00759246,-3.9392,17716,-2.1465,0.00134708,-2.4196,0.015537,25.0,5,0.1,1.628,ROBUST_SIGNIFICANT_NEGATIVE,ROBUST_SIGNIFICANT_NEGATIVE,SEVERE_OVERLAP
q158_wvma_20h,1h,1,25,-0.00237332,0.00552635,-3.1447,17786,-2.1473,0.00097697,-2.4293,0.015129,39.83,1,0.0014,1.2945,ROBUST_SIGNIFICANT_NEGATIVE,ROBUST_SIGNIFICANT_NEGATIVE,NO_MAJOR_OVERLAP
q158_wvma_20h,4h,4,25,-0.00402754,0.01156662,-5.3724,17784,-1.741,0.00135123,-2.9806,0.002876,25.0,4,0.0056,1.8024,ROBUST_SIGNIFICANT_NEGATIVE,ROBUST_SIGNIFICANT_NEGATIVE,MODERATE_OVERLAP
q158_wvma_20h,24h,24,25,-0.00347311,0.01988045,-5.2859,17764,-0.8735,0.00275962,-1.2585,0.208194,245.52,5,0.0333,4.2,ROBUST_SIGNIFICANT_NEGATIVE,NAIVE_ONLY_SIGNIFICANT,HIGH_OVERLAP
q158_wvma_20h,72h,72,25,-0.00260974,0.02221392,-4.4619,17716,-0.5874,0.004207,-0.6203,0.535038,103.0,5,0.1,7.1927,ROBUST_SIGNIFICANT_NEGATIVE,NAIVE_ONLY_SIGNIFICANT,SEVERE_OVERLAP
qvol_ma_ratio_20_80,1h,1,25,-0.00395431,0.00703967,-4.7494,17727,-2.8086,0.00159179,-2.4842,0.012985,15.03,1,0.0014,1.9119,ROBUST_SIGNIFICANT_NEGATIVE,ROBUST_SIGNIFICANT_NEGATIVE,NO_MAJOR_OVERLAP
qvol_ma_ratio_20_80,4h,4,25,-0.00639313,0.01190945,-7.4446,17725,-2.6841,0.00247671,-2.5813,0.009843,21.56,4,0.0056,2.884,ROBUST_SIGNIFICANT_NEGATIVE,ROBUST_SIGNIFICANT_NEGATIVE,MODERATE_OVERLAP
qvol_ma_ratio_20_80,24h,24,25,-0.00809469,0.01868929,-8.8318,17705,-2.1656,0.00301256,-2.687,0.00721,116.13,5,0.0333,3.2869,ROBUST_SIGNIFICANT_NEGATIVE,ROBUST_SIGNIFICANT_NEGATIVE,HIGH_OVERLAP
qvol_ma_ratio_20_80,72h,72,25,-0.00547593,0.01944241,-5.591,17657,-1.4082,0.00251035,-2.1813,0.029158,25.0,5,0.1,2.5631,ROBUST_SIGNIFICANT_NEGATIVE,ROBUST_SIGNIFICANT_NEGATIVE,SEVERE_OVERLAP
qvol_ma_ratio_5_20,1h,1,25,-0.00527923,0.00672789,-6.2178,17787,-3.9234,0.00138543,-3.8105,0.000139,20.69,1,0.0014,1.6317,ROBUST_SIGNIFICANT_NEGATIVE,ROBUST_SIGNIFICANT_NEGATIVE,NO_MAJOR_OVERLAP
qvol_ma_ratio_5_20,4h,4,25,-0.00445898,0.01094811,-5.1435,17785,-2.0364,0.00172874,-2.5793,0.009899,71.85,4,0.0056,1.9941,ROBUST_SIGNIFICANT_NEGATIVE,ROBUST_SIGNIFICANT_NEGATIVE,MODERATE_OVERLAP
qvol_ma_ratio_5_20,24h,24,25,-0.00458495,0.0139999,-5.7294,17765,-1.6375,0.0029637,-1.547,0.121854,35.32,5,0.0333,3.7035,ROBUST_SIGNIFICANT_NEGATIVE,NAIVE_ONLY_SIGNIFICANT,HIGH_OVERLAP
qvol_ma_ratio_5_20,72h,72,25,-0.00200882,0.00942698,-2.445,17717,-1.0655,0.00187336,-1.0723,0.283581,331.74,5,0.1,2.2801,ROBUST_SIGNIFICANT_NEGATIVE,NAIVE_ONLY_SIGNIFICANT,SEVERE_OVERLAP
qvol_zscore_20h,1h,1,25,-0.00694659,0.00648847,-7.9562,17787,-5.353,0.00147421,-4.7121,2e-06,14.8,1,0.0014,1.6885,ROBUST_SIGNIFICANT_NEGATIVE,ROBUST_SIGNIFICANT_NEGATIVE,NO_MAJOR_OVERLAP
qvol_zscore_20h,4h,4,25,-0.00787716,0.00689055,-9.2869,17785,-5.7159,0.00093791,-8.3986,0.0,1087.43,4,0.0056,1.1058,ROBUST_SIGNIFICANT_NEGATIVE,ROBUST_SIGNIFICANT_NEGATIVE,MODERATE_OVERLAP
qvol_zscore_20h,24h,24,25,-0.00181882,0.00892204,-2.517,17765,-1.0193,0.00137887,-1.3191,0.187147,25.0,5,0.0333,1.9082,ROBUST_SIGNIFICANT_NEGATIVE,NAIVE_ONLY_SIGNIFICANT,HIGH_OVERLAP
qvol_zscore_20h,72h,72,25,0.00013735,0.00542982,0.2996,17717,0.1265,0.0009459,0.1452,0.884544,519.51,5,0.1,2.0632,NOT_SIGNIFICANT,NOT_SIGNIFICANT,SEVERE_OVERLAP
qvol_zscore_48h,1h,1,25,-0.00729484,0.00666072,-8.4444,17759,-5.476,0.00149927,-4.8656,1e-06,15.25,1,0.0014,1.7355,ROBUST_SIGNIFICANT_NEGATIVE,ROBUST_SIGNIFICANT_NEGATIVE,NO_MAJOR_OVERLAP
qvol_zscore_48h,4h,4,25,-0.00938865,0.00856387,-11.0619,17757,-5.4816,0.00152488,-6.157,0.0,37.63,4,0.0056,1.7966,ROBUST_SIGNIFICANT_NEGATIVE,ROBUST_SIGNIFICANT_NEGATIVE,MODERATE_OVERLAP
qvol_zscore_48h,24h,24,25,-0.00557283,0.01266902,-6.7623,17737,-2.1994,0.00224259,-2.485,0.012955,159.75,5,0.0333,2.7212,ROBUST_SIGNIFICANT_NEGATIVE,ROBUST_SIGNIFICANT_NEGATIVE,HIGH_OVERLAP
qvol_zscore_48h,72h,72,25,-0.00236844,0.01097182,-2.5406,17689,-1.0793,0.00178044,-1.3303,0.183434,73.05,5,0.1,1.9099,ROBUST_SIGNIFICANT_NEGATIVE,NAIVE_ONLY_SIGNIFICANT,SEVERE_OVERLAP
range_1h,1h,1,25,-0.03672425,0.01052638,-24.1094,17805,-17.4439,0.00245974,-14.9302,0.0,13.56,1,0.0014,1.6148,ROBUST_SIGNIFICANT_NEGATIVE,ROBUST_SIGNIFICANT_NEGATIVE,NO_MAJOR_OVERLAP
range_1h,4h,4,25,-0.05222852,0.01407306,-35.0851,17803,-18.5562,0.00323146,-16.1625,0.0,23.25,4,0.0056,2.1708,ROBUST_SIGNIFICANT_NEGATIVE,ROBUST_SIGNIFICANT_NEGATIVE,MODERATE_OVERLAP
range_1h,24h,24,25,-0.07925783,0.02917848,-53.7869,17783,-13.5816,0.00537531,-14.7448,0.0,32.71,5,0.0333,3.6479,ROBUST_SIGNIFICANT_NEGATIVE,ROBUST_SIGNIFICANT_NEGATIVE,HIGH_OVERLAP
range_1h,72h,72,25,-0.08975107,0.04638798,-62.2471,17735,-9.674,0.00590944,-15.1877,0.0,147.37,5,0.1,4.0985,ROBUST_SIGNIFICANT_NEGATIVE,ROBUST_SIGNIFICANT_NEGATIVE,SEVERE_OVERLAP
range_24h,1h,1,25,-0.03264438,0.01041773,-21.9659,17783,-15.6677,0.00222931,-14.6432,0.0,18.05,1,0.0014,1.5001,ROBUST_SIGNIFICANT_NEGATIVE,ROBUST_SIGNIFICANT_NEGATIVE,NO_MAJOR_OVERLAP
range_24h,4h,4,25,-0.04807553,0.01381476,-32.4148,17781,-17.4001,0.00250075,-19.2244,0.0,50.06,4,0.0056,1.6861,ROBUST_SIGNIFICANT_NEGATIVE,ROBUST_SIGNIFICANT_NEGATIVE,MODERATE_OVERLAP
range_24h,24h,24,25,-0.07758082,0.03012004,-52.1622,17761,-12.8786,0.00467654,-16.5894,0.0,969.55,5,0.0333,3.1443,ROBUST_SIGNIFICANT_NEGATIVE,ROBUST_SIGNIFICANT_NEGATIVE,HIGH_OVERLAP
range_24h,72h,72,25,-0.09280982,0.04948846,-62.9137,17713,-9.3769,0.00576495,-16.099,0.0,25.0,5,0.1,3.9079,ROBUST_SIGNIFICANT_NEGATIVE,ROBUST_SIGNIFICANT_NEGATIVE,SEVERE_OVERLAP
range_4h,1h,1,25,-0.0361805,0.01117716,-23.4861,17803,-16.185,0.00252977,-14.3019,0.0,14.99,1,0.0014,1.6422,ROBUST_SIGNIFICANT_NEGATIVE,ROBUST_SIGNIFICANT_NEGATIVE,NO_MAJOR_OVERLAP
range_4h,4h,4,25,-0.05199817,0.01391396,-34.4395,17801,-18.6856,0.00283925,-18.314,0.0,29.43,4,0.0056,1.8805,ROBUST_SIGNIFICANT_NEGATIVE,ROBUST_SIGNIFICANT_NEGATIVE,MODERATE_OVERLAP
range_4h,24h,24,25,-0.07980231,0.03041315,-53.6679,17781,-13.1197,0.00557054,-14.3258,0.0,34.14,5,0.0333,3.7462,ROBUST_SIGNIFICANT_NEGATIVE,ROBUST_SIGNIFICANT_NEGATIVE,HIGH_OVERLAP
range_4h,72h,72,25,-0.09130425,0.04756359,-62.6011,17733,-9.5981,0.00606756,-15.0479,0.0,197.42,5,0.1,4.1601,ROBUST_SIGNIFICANT_NEGATIVE,ROBUST_SIGNIFICANT_NEGATIVE,SEVERE_OVERLAP
range_breakout_vol_confirm_20h,1h,1,25,-0.03003122,0.01740713,-13.6718,10848,-8.6261,0.00412669,-7.2773,0.0,12.97,1,0.0014,1.8787,ROBUST_SIGNIFICANT_NEGATIVE,ROBUST_SIGNIFICANT_NEGATIVE,NO_MAJOR_OVERLAP
range_breakout_vol_confirm_20h,4h,4,25,-0.03436439,0.01684533,-16.4322,10846,-10.2,0.00352696,-9.7434,0.0,26.08,4,0.0056,1.6865,ROBUST_SIGNIFICANT_NEGATIVE,ROBUST_SIGNIFICANT_NEGATIVE,MODERATE_OVERLAP
range_breakout_vol_confirm_20h,24h,24,25,-0.03979963,0.01980259,-18.8459,10826,-10.0491,0.00519447,-7.6619,0.0,16.11,5,0.0333,2.4597,ROBUST_SIGNIFICANT_NEGATIVE,ROBUST_SIGNIFICANT_NEGATIVE,HIGH_OVERLAP
range_breakout_vol_confirm_20h,72h,72,25,-0.03569877,0.01696318,-16.8347,10784,-10.5224,0.00318582,-11.2055,0.0,51.4,5,0.1,1.5024,ROBUST_SIGNIFICANT_NEGATIVE,ROBUST_SIGNIFICANT_NEGATIVE,SEVERE_OVERLAP
realized_kurt_20h,1h,1,25,-0.0037525,0.00382285,-4.7798,17786,-4.908,0.00074382,-5.0449,0.0,25.73,1,0.0014,0.9475,ROBUST_SIGNIFICANT_NEGATIVE,ROBUST_SIGNIFICANT_NEGATIVE,NO_MAJOR_OVERLAP
realized_kurt_20h,4h,4,25,-0.00640051,0.00886135,-8.236,17784,-3.6115,0.00114633,-5.5835,0.0,496.33,4,0.0056,1.4751,ROBUST_SIGNIFICANT_NEGATIVE,ROBUST_SIGNIFICANT_NEGATIVE,MODERATE_OVERLAP
realized_kurt_20h,24h,24,25,-0.01078808,0.01576942,-14.5138,17764,-3.4206,0.00267846,-4.0277,5.6e-05,54.46,5,0.0333,3.6035,ROBUST_SIGNIFICANT_NEGATIVE,ROBUST_SIGNIFICANT_NEGATIVE,HIGH_OVERLAP
realized_kurt_20h,72h,72,25,-0.00912381,0.01726732,-12.9689,17716,-2.6419,0.00388148,-2.3506,0.018743,23.52,5,0.1,5.5173,ROBUST_SIGNIFICANT_NEGATIVE,ROBUST_SIGNIFICANT_NEGATIVE,SEVERE_OVERLAP
realized_skew_20h,1h,1,25,-0.01153657,0.00681176,-13.7084,17786,-8.4681,0.00154091,-7.4869,0.0,15.01,1,0.0014,1.831,ROBUST_SIGNIFICANT_NEGATIVE,ROBUST_SIGNIFICANT_NEGATIVE,NO_MAJOR_OVERLAP
realized_skew_20h,4h,4,25,-0.01626005,0.01186234,-19.0677,17784,-6.8536,0.00255822,-6.356,0.0,42.42,4,0.0056,3.0,ROBUST_SIGNIFICANT_NEGATIVE,ROBUST_SIGNIFICANT_NEGATIVE,MODERATE_OVERLAP
realized_skew_20h,24h,24,25,-0.026062,0.01828094,-29.4598,17764,-7.1282,0.00296386,-8.7933,0.0,25.0,5,0.0333,3.3503,ROBUST_SIGNIFICANT_NEGATIVE,ROBUST_SIGNIFICANT_NEGATIVE,HIGH_OVERLAP
realized_skew_20h,72h,72,25,-0.02480307,0.01630446,-28.0512,17716,-7.6062,0.00184395,-13.451,0.0,105.85,5,0.1,2.0854,ROBUST_SIGNIFICANT_NEGATIVE,ROBUST_SIGNIFICANT_NEGATIVE,SEVERE_OVERLAP
rev_10h,1h,1,25,0.02703521,0.00971788,22.764,17796,13.91,0.00209576,12.8999,0.0,17.58,1,0.0014,1.7647,ROBUST_SIGNIFICANT_POSITIVE,ROBUST_SIGNIFICANT_POSITIVE,NO_MAJOR_OVERLAP
rev_10h,4h,4,25,0.02962119,0.01474333,24.73,17794,10.0456,0.00325296,9.1059,0.0,17.27,4,0.0056,2.7158,ROBUST_SIGNIFICANT_POSITIVE,ROBUST_SIGNIFICANT_POSITIVE,MODERATE_OVERLAP
rev_10h,24h,24,25,0.0253744,0.02022007,21.5016,17774,6.2746,0.00462804,5.4827,0.0,15.73,5,0.0333,3.9217,ROBUST_SIGNIFICANT_POSITIVE,ROBUST_SIGNIFICANT_POSITIVE,HIGH_OVERLAP
rev_10h,72h,72,25,0.01324539,0.02213521,11.8146,17726,2.9919,0.00342086,3.8719,0.000108,51.11,5,0.1,3.0513,ROBUST_SIGNIFICANT_POSITIVE,ROBUST_SIGNIFICANT_POSITIVE,SEVERE_OVERLAP
rev_1h,1h,1,25,0.03678336,0.01211681,30.6929,17804,15.1787,0.00267594,13.7459,0.0,16.23,1,0.0014,2.2329,ROBUST_SIGNIFICANT_POSITIVE,ROBUST_SIGNIFICANT_POSITIVE,NO_MAJOR_OVERLAP
rev_1h,4h,4,25,0.02828191,0.01184106,23.9276,17802,11.9423,0.00191493,14.7692,0.0,48.13,4,0.0056,1.6201,ROBUST_SIGNIFICANT_POSITIVE,ROBUST_SIGNIFICANT_POSITIVE,MODERATE_OVERLAP
rev_1h,24h,24,25,0.01173098,0.00694208,10.3289,17782,8.4492,0.00170318,6.8877,0.0,13.74,5,0.0333,1.4996,ROBUST_SIGNIFICANT_POSITIVE,ROBUST_SIGNIFICANT_POSITIVE,HIGH_OVERLAP
rev_1h,72h,72,25,0.00434668,0.00931019,4.144,17734,2.3344,0.00197151,2.2047,0.027472,20.66,5,0.1,1.8796,ROBUST_SIGNIFICANT_POSITIVE,ROBUST_SIGNIFICANT_POSITIVE,SEVERE_OVERLAP
rev_24h,1h,1,25,0.02193063,0.00784661,18.4983,17782,13.9746,0.00181266,12.0986,0.0,14.05,1,0.0014,1.529,ROBUST_SIGNIFICANT_POSITIVE,ROBUST_SIGNIFICANT_POSITIVE,NO_MAJOR_OVERLAP
rev_24h,4h,4,25,0.02897513,0.01451356,24.0688,17780,9.9821,0.00325636,8.898,0.0,21.69,4,0.0056,2.705,ROBUST_SIGNIFICANT_POSITIVE,ROBUST_SIGNIFICANT_POSITIVE,MODERATE_OVERLAP
rev_24h,24h,24,25,0.02760956,0.0296689,23.6265,17760,4.6529,0.00627161,4.4023,1.1e-05,27.22,5,0.0333,5.3668,ROBUST_SIGNIFICANT_POSITIVE,ROBUST_SIGNIFICANT_POSITIVE,HIGH_OVERLAP
rev_24h,72h,72,25,0.01979122,0.0344333,16.7376,17712,2.8738,0.00517125,3.8272,0.00013,99.47,5,0.1,4.3734,ROBUST_SIGNIFICANT_POSITIVE,ROBUST_SIGNIFICANT_POSITIVE,SEVERE_OVERLAP
rev_2h,1h,1,25,0.03635465,0.01543851,29.8245,17804,11.774,0.00348495,10.4319,0.0,15.12,1,0.0014,2.859,ROBUST_SIGNIFICANT_POSITIVE,ROBUST_SIGNIFICANT_POSITIVE,NO_MAJOR_OVERLAP
rev_2h,4h,4,25,0.03130777,0.01446623,26.1597,17802,10.821,0.00229847,13.6211,0.0,43.54,4,0.0056,1.9205,ROBUST_SIGNIFICANT_POSITIVE,ROBUST_SIGNIFICANT_POSITIVE,MODERATE_OVERLAP
rev_2h,24h,24,25,0.0149254,0.00938076,13.0997,17782,7.9553,0.00216214,6.9031,0.0,16.11,5,0.0333,1.8977,ROBUST_SIGNIFICANT_POSITIVE,ROBUST_SIGNIFICANT_POSITIVE,HIGH_OVERLAP
rev_2h,72h,72,25,0.00641682,0.01191841,6.0318,17734,2.692,0.00237577,2.7009,0.006914,24.96,5,0.1,2.2332,ROBUST_SIGNIFICANT_POSITIVE,ROBUST_SIGNIFICANT_POSITIVE,SEVERE_OVERLAP
rev_3h,1h,1,25,0.03450492,0.01565242,28.304,17803,11.0222,0.00346909,9.9464,0.0,16.04,1,0.0014,2.8457,ROBUST_SIGNIFICANT_POSITIVE,ROBUST_SIGNIFICANT_POSITIVE,NO_MAJOR_OVERLAP
rev_3h,4h,4,25,0.03193019,0.01513209,26.6248,17801,10.5505,0.00246783,12.9386,0.0,35.48,4,0.0056,2.0578,ROBUST_SIGNIFICANT_POSITIVE,ROBUST_SIGNIFICANT_POSITIVE,MODERATE_OVERLAP
rev_3h,24h,24,25,0.01679738,0.01110653,14.6016,17781,7.5619,0.0027396,6.1313,0.0,12.91,5,0.0333,2.3815,ROBUST_SIGNIFICANT_POSITIVE,ROBUST_SIGNIFICANT_POSITIVE,HIGH_OVERLAP
rev_3h,72h,72,25,0.00768711,0.01358071,7.148,17733,2.8302,0.00243456,3.1575,0.001591,31.62,5,0.1,2.2638,ROBUST_SIGNIFICANT_POSITIVE,ROBUST_SIGNIFICANT_POSITIVE,SEVERE_OVERLAP
rev_72h,1h,1,25,0.01551112,0.00960949,12.7632,17734,8.0707,0.00216724,7.1571,0.0,15.16,1,0.0014,1.7833,ROBUST_SIGNIFICANT_POSITIVE,ROBUST_SIGNIFICANT_POSITIVE,NO_MAJOR_OVERLAP
rev_72h,4h,4,25,0.02446335,0.01491274,20.1976,17732,8.2022,0.00337746,7.2431,0.0,17.6,4,0.0056,2.7885,ROBUST_SIGNIFICANT_POSITIVE,ROBUST_SIGNIFICANT_POSITIVE,MODERATE_OVERLAP
rev_72h,24h,24,25,0.03055646,0.03325804,24.2015,17712,4.5938,0.00584533,5.2275,0.0,72.71,5,0.0333,4.6296,ROBUST_SIGNIFICANT_POSITIVE,ROBUST_SIGNIFICANT_POSITIVE,HIGH_OVERLAP
rev_72h,72h,72,25,0.01977786,0.05011431,14.2562,17664,1.9733,0.00802079,2.4658,0.01367,25.0,5,0.1,5.7815,ROBUST_SIGNIFICANT_POSITIVE,ROBUST_SIGNIFICANT_POSITIVE,SEVERE_OVERLAP
reversal_5h,1h,1,25,0.03235414,0.01166246,26.7533,17801,13.8711,0.002549,12.6929,0.0,16.8,1,0.0014,2.1077,ROBUST_SIGNIFICANT_POSITIVE,ROBUST_SIGNIFICANT_POSITIVE,NO_MAJOR_OVERLAP
reversal_5h,4h,4,25,0.0320476,0.01410592,26.6123,17799,11.3596,0.00256141,12.5117,0.0,27.6,4,0.0056,2.127,ROBUST_SIGNIFICANT_POSITIVE,ROBUST_SIGNIFICANT_POSITIVE,MODERATE_OVERLAP
reversal_5h,24h,24,25,0.02035794,0.01384907,17.5009,17779,7.3499,0.00323323,6.2965,0.0,14.49,5,0.0333,2.7795,ROBUST_SIGNIFICANT_POSITIVE,ROBUST_SIGNIFICANT_POSITIVE,HIGH_OVERLAP
reversal_5h,72h,72,25,0.01018958,0.01649207,9.3378,17731,3.0892,0.0027543,3.6995,0.000216,37.19,5,0.1,2.5241,ROBUST_SIGNIFICANT_POSITIVE,ROBUST_SIGNIFICANT_POSITIVE,SEVERE_OVERLAP
rsi_14h,1h,1,25,-0.02765511,0.01017693,-26.5261,17792,-13.5872,0.00216664,-12.7641,0.0,18.37,1,0.0014,2.0782,ROBUST_SIGNIFICANT_NEGATIVE,ROBUST_SIGNIFICANT_NEGATIVE,NO_MAJOR_OVERLAP
rsi_14h,4h,4,25,-0.03285873,0.01553516,-30.934,17790,-10.5756,0.00282926,-11.6139,0.0,42.66,4,0.0056,2.6635,ROBUST_SIGNIFICANT_NEGATIVE,ROBUST_SIGNIFICANT_NEGATIVE,MODERATE_OVERLAP
rsi_14h,24h,24,25,-0.0274335,0.02707271,-26.1165,17770,-5.0666,0.00489725,-5.6018,0.0,42.96,5,0.0333,4.6621,ROBUST_SIGNIFICANT_NEGATIVE,ROBUST_SIGNIFICANT_NEGATIVE,HIGH_OVERLAP
rsi_14h,72h,72,25,-0.01587096,0.03183776,-15.4381,17722,-2.4925,0.00421766,-3.763,0.000168,814.82,5,0.1,4.1026,ROBUST_SIGNIFICANT_NEGATIVE,ROBUST_SIGNIFICANT_NEGATIVE,SEVERE_OVERLAP
rsi_28h,1h,1,25,-0.02494497,0.00963474,-23.8203,17778,-12.9453,0.002066,-12.0741,0.0,17.92,1,0.0014,1.9728,ROBUST_SIGNIFICANT_NEGATIVE,ROBUST_SIGNIFICANT_NEGATIVE,NO_MAJOR_OVERLAP
rsi_28h,4h,4,25,-0.03218289,0.01559693,-30.1122,17776,-10.3171,0.00287402,-11.1979,0.0,55.31,4,0.0056,2.6891,ROBUST_SIGNIFICANT_NEGATIVE,ROBUST_SIGNIFICANT_NEGATIVE,MODERATE_OVERLAP
rsi_28h,24h,24,25,-0.03108708,0.02933676,-28.8286,17756,-5.2983,0.00524316,-5.9291,0.0,65.17,5,0.0333,4.8622,ROBUST_SIGNIFICANT_NEGATIVE,ROBUST_SIGNIFICANT_NEGATIVE,HIGH_OVERLAP
rsi_28h,72h,72,25,-0.0185515,0.03881999,-17.0141,17708,-2.3894,0.00566416,-3.2752,0.001056,25.0,5,0.1,5.1948,ROBUST_SIGNIFICANT_NEGATIVE,ROBUST_SIGNIFICANT_NEGATIVE,SEVERE_OVERLAP
rsi_7h,1h,1,25,-0.03037301,0.01114853,-29.2415,17799,-13.622,0.0023618,-12.8601,0.0,18.69,1,0.0014,2.2738,ROBUST_SIGNIFICANT_NEGATIVE,ROBUST_SIGNIFICANT_NEGATIVE,NO_MAJOR_OVERLAP
rsi_7h,4h,4,25,-0.03246563,0.01486124,-30.9728,17797,-10.9229,0.00279496,-11.6158,0.0,26.1,4,0.0056,2.6664,ROBUST_SIGNIFICANT_NEGATIVE,ROBUST_SIGNIFICANT_NEGATIVE,MODERATE_OVERLAP
rsi_7h,24h,24,25,-0.0217156,0.02247211,-21.4138,17777,-4.8317,0.0043594,-4.9813,1e-06,25.94,5,0.0333,4.2988,ROBUST_SIGNIFICANT_NEGATIVE,ROBUST_SIGNIFICANT_NEGATIVE,HIGH_OVERLAP
rsi_7h,72h,72,25,-0.01154265,0.0244656,-11.976,17729,-2.359,0.0032856,-3.5131,0.000443,113.13,5,0.1,3.4089,ROBUST_SIGNIFICANT_NEGATIVE,ROBUST_SIGNIFICANT_NEGATIVE,SEVERE_OVERLAP
taker_buy_delta_5h,1h,1,24,-0.00685648,0.00869941,-11.2363,16768,-3.8611,0.00181399,-3.7798,0.000157,20.38,1,0.0014,2.9727,ROBUST_SIGNIFICANT_NEGATIVE,ROBUST_SIGNIFICANT_NEGATIVE,NO_MAJOR_OVERLAP
taker_buy_delta_5h,4h,4,24,-0.0055149,0.00682639,-6.8084,16769,-3.9578,0.00104847,-5.26,0.0,128.31,4,0.0056,1.2944,ROBUST_SIGNIFICANT_NEGATIVE,ROBUST_SIGNIFICANT_NEGATIVE,MODERATE_OVERLAP
taker_buy_delta_5h,24h,24,24,0.00020252,0.0069131,-1.516,16769,0.1435,0.00121175,0.1671,0.867269,28.28,4,0.0333,9.0709,NOT_SIGNIFICANT,NOT_SIGNIFICANT,HIGH_OVERLAP
taker_buy_delta_5h,72h,72,24,0.0034944,0.01960135,-0.6912,16769,0.8734,0.00389029,0.8982,0.369059,23.62,4,0.1,0.7695,NOT_SIGNIFICANT,NOT_SIGNIFICANT,SEVERE_OVERLAP
taker_buy_ratio_20h,1h,1,24,-0.01094995,0.02990454,-6.6539,16736,-1.7938,0.00602669,-1.8169,0.069231,23.2,1,0.0014,3.6622,ROBUST_SIGNIFICANT_NEGATIVE,NAIVE_ONLY_SIGNIFICANT,NO_MAJOR_OVERLAP
taker_buy_ratio_20h,4h,4,24,-0.00793917,0.01930094,-5.8188,16737,-2.0151,0.00388279,-2.0447,0.040884,32.47,4,0.0056,2.8458,ROBUST_SIGNIFICANT_NEGATIVE,ROBUST_SIGNIFICANT_NEGATIVE,MODERATE_OVERLAP
taker_buy_ratio_20h,24h,24,24,-0.00205199,0.01565099,-2.4636,16737,-0.6423,0.00302206,-0.679,0.497136,38.86,4,0.0333,3.6283,ROBUST_SIGNIFICANT_NEGATIVE,NAIVE_ONLY_SIGNIFICANT,HIGH_OVERLAP
taker_buy_ratio_20h,72h,72,24,0.00836353,0.02813104,5.7334,16737,1.4565,0.0056592,1.4779,0.139444,26.82,4,0.1,3.8795,ROBUST_SIGNIFICANT_POSITIVE,NAIVE_ONLY_SIGNIFICANT,SEVERE_OVERLAP
taker_buy_zscore_20h,1h,1,24,-0.01521434,0.02033595,-14.9881,16736,-3.6652,0.00421508,-3.6095,0.000307,20.84,1,0.0014,4.1524,ROBUST_SIGNIFICANT_NEGATIVE,ROBUST_SIGNIFICANT_NEGATIVE,NO_MAJOR_OVERLAP
taker_buy_zscore_20h,4h,4,24,-0.01079362,0.01733253,-10.0955,16737,-3.0508,0.00318984,-3.3837,0.000715,44.9,4,0.0056,2.9835,ROBUST_SIGNIFICANT_NEGATIVE,ROBUST_SIGNIFICANT_NEGATIVE,MODERATE_OVERLAP
taker_buy_zscore_20h,24h,24,24,-7.908e-05,0.00954727,-2.4742,16737,-0.0406,0.0017798,-0.0444,0.964559,25.81,4,0.0333,55.6837,ROBUST_SIGNIFICANT_NEGATIVE,NAIVE_ONLY_SIGNIFICANT,HIGH_OVERLAP
taker_buy_zscore_20h,72h,72,24,0.00446818,0.02329944,-0.315,16737,0.9395,0.00463154,0.9647,0.33468,22.75,4,0.1,0.3265,NOT_SIGNIFICANT,NOT_SIGNIFICANT,SEVERE_OVERLAP
tech_atr,1h,1,25,0.00431456,0.0060696,4.5491,17792,3.5542,0.00131352,3.2847,0.001021,17.37,1,0.0014,1.3849,ROBUST_SIGNIFICANT_POSITIVE,ROBUST_SIGNIFICANT_POSITIVE,NO_MAJOR_OVERLAP
tech_atr,4h,4,25,0.00562443,0.00880356,5.5676,17790,3.1944,0.002243,2.5076,0.012157,10.51,4,0.0056,2.2203,ROBUST_SIGNIFICANT_POSITIVE,ROBUST_SIGNIFICANT_POSITIVE,MODERATE_OVERLAP
tech_atr,24h,24,25,0.01529722,0.02155818,14.7542,17770,3.5479,0.0047977,3.1885,0.00143,14.91,5,0.0333,4.6274,ROBUST_SIGNIFICANT_POSITIVE,ROBUST_SIGNIFICANT_POSITIVE,HIGH_OVERLAP
tech_atr,72h,72,25,0.02174289,0.03935127,22.3397,17722,2.7627,0.00814402,2.6698,0.00759,17.09,5,0.1,8.3676,ROBUST_SIGNIFICANT_POSITIVE,ROBUST_SIGNIFICANT_POSITIVE,SEVERE_OVERLAP
tech_macd,1h,1,25,-0.01050262,0.0062264,-11.8154,17805,-8.4339,0.00126657,-8.2921,0.0,21.64,1,0.0014,1.4249,ROBUST_SIGNIFICANT_NEGATIVE,ROBUST_SIGNIFICANT_NEGATIVE,NO_MAJOR_OVERLAP
tech_macd,4h,4,25,-0.01388991,0.01138134,-15.6955,17803,-6.102,0.00220927,-6.2871,0.0,59.36,4,0.0056,2.4965,ROBUST_SIGNIFICANT_NEGATIVE,ROBUST_SIGNIFICANT_NEGATIVE,MODERATE_OVERLAP
tech_macd,24h,24,25,-0.00824481,0.02197645,-10.3893,17783,-1.8758,0.00387801,-2.126,0.0335,66.15,5,0.0333,4.8867,ROBUST_SIGNIFICANT_NEGATIVE,ROBUST_SIGNIFICANT_NEGATIVE,HIGH_OVERLAP
tech_macd,72h,72,25,-0.00516282,0.0158341,-7.4876,17735,-1.6303,0.00242615,-2.128,0.033338,25.0,5,0.1,3.5186,ROBUST_SIGNIFICANT_NEGATIVE,ROBUST_SIGNIFICANT_NEGATIVE,SEVERE_OVERLAP
trend_efficiency_24h,1h,1,25,-0.00222449,0.00615209,-2.3183,17782,-1.8079,0.00122062,-1.8224,0.068389,23.8,1,0.0014,1.2721,ROBUST_SIGNIFICANT_NEGATIVE,NAIVE_ONLY_SIGNIFICANT,NO_MAJOR_OVERLAP
trend_efficiency_24h,4h,4,25,-0.00125851,0.01093835,-1.1728,17780,-0.5753,0.00214329,-0.5872,0.557077,25.97,4,0.0056,1.9973,NOT_SIGNIFICANT,NOT_SIGNIFICANT,MODERATE_OVERLAP
trend_efficiency_24h,24h,24,25,-0.00258685,0.01724139,-2.5544,17760,-0.7502,0.00306654,-0.8436,0.398908,53.8,5,0.0333,3.0281,ROBUST_SIGNIFICANT_NEGATIVE,NAIVE_ONLY_SIGNIFICANT,HIGH_OVERLAP
trend_efficiency_24h,72h,72,25,-0.00360819,0.01885715,-4.3117,17712,-0.9567,0.00403931,-0.8933,0.371714,23.0,5,0.1,4.8269,ROBUST_SIGNIFICANT_NEGATIVE,NAIVE_ONLY_SIGNIFICANT,SEVERE_OVERLAP
up_down_vol_ratio_20h,1h,1,25,-0.01524255,0.00604501,-18.4644,17787,-12.6076,0.00114746,-13.2838,0.0,28.52,1,0.0014,1.39,ROBUST_SIGNIFICANT_NEGATIVE,ROBUST_SIGNIFICANT_NEGATIVE,NO_MAJOR_OVERLAP
up_down_vol_ratio_20h,4h,4,25,-0.01931419,0.0108577,-23.0518,17785,-8.8942,0.00185236,-10.4268,0.0,69.24,4,0.0056,2.2108,ROBUST_SIGNIFICANT_NEGATIVE,ROBUST_SIGNIFICANT_NEGATIVE,MODERATE_OVERLAP
up_down_vol_ratio_20h,24h,24,25,-0.01683574,0.02201838,-20.5723,17765,-3.8231,0.00363792,-4.6279,4e-06,57.7,5,0.0333,4.4453,ROBUST_SIGNIFICANT_NEGATIVE,ROBUST_SIGNIFICANT_NEGATIVE,HIGH_OVERLAP
up_down_vol_ratio_20h,72h,72,25,-0.01390634,0.0213402,-16.7628,17717,-3.2582,0.00243515,-5.7107,0.0,25.0,5,0.1,2.9353,ROBUST_SIGNIFICANT_NEGATIVE,ROBUST_SIGNIFICANT_NEGATIVE,SEVERE_OVERLAP
vol_40h,1h,1,25,-0.03802912,0.01086268,-23.5726,17766,-17.5045,0.00234057,-16.2478,0.0,17.63,1,0.0014,1.4508,ROBUST_SIGNIFICANT_NEGATIVE,ROBUST_SIGNIFICANT_NEGATIVE,NO_MAJOR_OVERLAP
vol_40h,4h,4,25,-0.05635459,0.01427224,-35.4269,17764,-19.7427,0.0029269,-19.254,0.0,24.49,4,0.0056,1.84,ROBUST_SIGNIFICANT_NEGATIVE,ROBUST_SIGNIFICANT_NEGATIVE,MODERATE_OVERLAP
vol_40h,24h,24,25,-0.09007174,0.03086068,-56.4767,17744,-14.5933,0.00608194,-14.8097,0.0,25.22,5,0.0333,3.8135,ROBUST_SIGNIFICANT_NEGATIVE,ROBUST_SIGNIFICANT_NEGATIVE,HIGH_OVERLAP
vol_40h,72h,72,25,-0.10204264,0.05298296,-63.8169,17696,-9.6298,0.00687209,-14.8488,0.0,91.23,5,0.1,4.2978,ROBUST_SIGNIFICANT_NEGATIVE,ROBUST_SIGNIFICANT_NEGATIVE,SEVERE_OVERLAP
vol_5h,1h,1,25,-0.03335083,0.01014198,-23.3768,17801,-16.442,0.00224229,-14.8736,0.0,16.17,1,0.0014,1.5717,ROBUST_SIGNIFICANT_NEGATIVE,ROBUST_SIGNIFICANT_NEGATIVE,NO_MAJOR_OVERLAP
vol_5h,4h,4,25,-0.04646638,0.01414432,-32.7291,17799,-16.4258,0.00249958,-18.5897,0.0,71.44,4,0.0056,1.7606,ROBUST_SIGNIFICANT_NEGATIVE,ROBUST_SIGNIFICANT_NEGATIVE,MODERATE_OVERLAP
vol_5h,24h,24,25,-0.07198671,0.02730306,-51.629,17779,-13.1829,0.00472523,-15.2346,0.0,39.48,5,0.0333,3.3889,ROBUST_SIGNIFICANT_NEGATIVE,ROBUST_SIGNIFICANT_NEGATIVE,HIGH_OVERLAP
vol_5h,72h,72,25,-0.07996669,0.0414713,-58.3709,17731,-9.6412,0.0048444,-16.507,0.0,199.57,5,0.1,3.5361,ROBUST_SIGNIFICANT_NEGATIVE,ROBUST_SIGNIFICANT_NEGATIVE,SEVERE_OVERLAP
vol_of_vol_20h,1h,1,25,-0.0297649,0.01088988,-22.2259,17782,-13.6663,0.00215123,-13.8362,0.0,24.21,1,0.0014,1.6064,ROBUST_SIGNIFICANT_NEGATIVE,ROBUST_SIGNIFICANT_NEGATIVE,NO_MAJOR_OVERLAP
vol_of_vol_20h,4h,4,25,-0.04514934,0.01529482,-34.1578,17780,-14.7597,0.00267788,-16.8601,0.0,29.3,4,0.0056,2.026,ROBUST_SIGNIFICANT_NEGATIVE,ROBUST_SIGNIFICANT_NEGATIVE,MODERATE_OVERLAP
vol_of_vol_20h,24h,24,25,-0.07120789,0.02617531,-54.4715,17760,-13.6021,0.00387766,-18.3636,0.0,60.34,5,0.0333,2.9663,ROBUST_SIGNIFICANT_NEGATIVE,ROBUST_SIGNIFICANT_NEGATIVE,HIGH_OVERLAP
vol_of_vol_20h,72h,72,25,-0.07821956,0.03965591,-60.0796,17712,-9.8623,0.00477272,-16.3889,0.0,130.9,5,0.1,3.6659,ROBUST_SIGNIFICANT_NEGATIVE,ROBUST_SIGNIFICANT_NEGATIVE,SEVERE_OVERLAP
vol_ratio_20_80,1h,1,25,-0.00725837,0.00714324,-8.2092,17726,-5.0806,0.00168045,-4.3193,1.6e-05,13.28,1,0.0014,1.9006,ROBUST_SIGNIFICANT_NEGATIVE,ROBUST_SIGNIFICANT_NEGATIVE,NO_MAJOR_OVERLAP
vol_ratio_20_80,4h,4,25,-0.01101523,0.01087385,-12.2803,17724,-5.065,0.00271853,-4.0519,5.1e-05,12.06,4,0.0056,3.0307,ROBUST_SIGNIFICANT_NEGATIVE,ROBUST_SIGNIFICANT_NEGATIVE,MODERATE_OVERLAP
vol_ratio_20_80,24h,24,25,-0.0123284,0.01885286,-13.4433,17704,-3.2696,0.00258452,-4.7701,2e-06,36.71,5,0.0333,2.8183,ROBUST_SIGNIFICANT_NEGATIVE,ROBUST_SIGNIFICANT_NEGATIVE,HIGH_OVERLAP
vol_ratio_20_80,72h,72,25,-0.01108009,0.01674186,-11.2377,17656,-3.3091,0.0031943,-3.4687,0.000523,23.28,5,0.1,3.2397,ROBUST_SIGNIFICANT_NEGATIVE,ROBUST_SIGNIFICANT_NEGATIVE,SEVERE_OVERLAP
vol_ratio_5_20,1h,1,25,-0.00605539,0.00565628,-6.9194,17786,-5.3528,0.00126864,-4.7731,2e-06,15.43,1,0.0014,1.4497,ROBUST_SIGNIFICANT_NEGATIVE,ROBUST_SIGNIFICANT_NEGATIVE,NO_MAJOR_OVERLAP
vol_ratio_5_20,4h,4,25,-0.00463602,0.00600629,-4.9279,17784,-3.8593,0.00095987,-4.8299,1e-06,58.89,4,0.0056,1.0203,ROBUST_SIGNIFICANT_NEGATIVE,ROBUST_SIGNIFICANT_NEGATIVE,MODERATE_OVERLAP
vol_ratio_5_20,24h,24,25,-0.00394751,0.00732361,-4.6381,17764,-2.6951,0.00202625,-1.9482,0.051392,8.68,5,0.0333,2.3807,ROBUST_SIGNIFICANT_NEGATIVE,NAIVE_ONLY_SIGNIFICANT,HIGH_OVERLAP
vol_ratio_5_20,72h,72,25,-0.00078636,0.00617133,-0.6119,17716,-0.6371,0.00113562,-0.6924,0.488656,26.03,5,0.1,0.8837,NOT_SIGNIFICANT,NOT_SIGNIFICANT,SEVERE_OVERLAP
vol_ret_corr_20h,1h,1,25,-0.02073665,0.00632436,-24.7626,17786,-16.3943,0.00138803,-14.9396,0.0,16.57,1,0.0014,1.6575,ROBUST_SIGNIFICANT_NEGATIVE,ROBUST_SIGNIFICANT_NEGATIVE,NO_MAJOR_OVERLAP
vol_ret_corr_20h,4h,4,25,-0.02982599,0.01036981,-35.0732,17784,-14.3812,0.00177905,-16.7651,0.0,43.31,4,0.0056,2.092,ROBUST_SIGNIFICANT_NEGATIVE,ROBUST_SIGNIFICANT_NEGATIVE,MODERATE_OVERLAP
vol_ret_corr_20h,24h,24,25,-0.03629148,0.01826675,-43.3818,17764,-9.9338,0.00337559,-10.7512,0.0,39.74,5,0.0333,4.0351,ROBUST_SIGNIFICANT_NEGATIVE,ROBUST_SIGNIFICANT_NEGATIVE,HIGH_OVERLAP
vol_ret_corr_20h,72h,72,25,-0.03376062,0.01833942,-40.2149,17716,-9.2044,0.00255093,-13.2346,0.0,53.27,5,0.1,3.0386,ROBUST_SIGNIFICANT_NEGATIVE,ROBUST_SIGNIFICANT_NEGATIVE,SEVERE_OVERLAP
vol_zscore_20h,1h,1,25,-0.00642632,0.00635714,-7.3868,17787,-5.0544,0.00142801,-4.5002,7e-06,15.36,1,0.0014,1.6414,ROBUST_SIGNIFICANT_NEGATIVE,ROBUST_SIGNIFICANT_NEGATIVE,NO_MAJOR_OVERLAP
vol_zscore_20h,4h,4,25,-0.00704754,0.00682311,-8.3546,17785,-5.1645,0.00089618,-7.864,0.0,25.0,4,0.0056,1.0624,ROBUST_SIGNIFICANT_NEGATIVE,ROBUST_SIGNIFICANT_NEGATIVE,MODERATE_OVERLAP
vol_zscore_20h,24h,24,25,-0.0011511,0.00835357,-1.6436,17765,-0.689,0.00131073,-0.8782,0.379828,25.0,5,0.0333,1.8715,NOT_SIGNIFICANT,NOT_SIGNIFICANT,HIGH_OVERLAP
vol_zscore_20h,72h,72,25,0.00064125,0.00483974,0.9408,17717,0.6625,0.00093601,0.6851,0.493287,25.0,5,0.1,1.3732,NOT_SIGNIFICANT,NOT_SIGNIFICANT,SEVERE_OVERLAP
vol_zscore_48h,1h,1,25,-0.0068792,0.00639102,-7.9804,17759,-5.3819,0.00143506,-4.7937,2e-06,15.38,1,0.0014,1.6648,ROBUST_SIGNIFICANT_NEGATIVE,ROBUST_SIGNIFICANT_NEGATIVE,NO_MAJOR_OVERLAP
vol_zscore_48h,4h,4,25,-0.00854492,0.00801864,-10.0955,17757,-5.3282,0.00143545,-5.9528,0.0,37.04,4,0.0056,1.6959,ROBUST_SIGNIFICANT_NEGATIVE,ROBUST_SIGNIFICANT_NEGATIVE,MODERATE_OVERLAP
vol_zscore_48h,24h,24,25,-0.00468081,0.0117827,-5.654,17737,-1.9863,0.0021314,-2.1961,0.028084,1987.21,5,0.0333,2.5745,ROBUST_SIGNIFICANT_NEGATIVE,ROBUST_SIGNIFICANT_NEGATIVE,HIGH_OVERLAP
vol_zscore_48h,72h,72,25,-0.00122513,0.00983422,-1.2097,17689,-0.6229,0.00181379,-0.6755,0.49939,86.21,5,0.1,1.791,NOT_SIGNIFICANT,NOT_SIGNIFICANT,SEVERE_OVERLAP
volatility_20h,1h,1,25,-0.03825845,0.01207118,-24.0507,17786,-15.847,0.00263357,-14.5272,0.0,16.9,1,0.0014,1.6556,ROBUST_SIGNIFICANT_NEGATIVE,ROBUST_SIGNIFICANT_NEGATIVE,NO_MAJOR_OVERLAP
volatility_20h,4h,4,25,-0.05641467,0.01645179,-36.0181,17784,-17.1454,0.0034652,-16.2804,0.0,22.25,4,0.0056,2.2124,ROBUST_SIGNIFICANT_NEGATIVE,ROBUST_SIGNIFICANT_NEGATIVE,MODERATE_OVERLAP
volatility_20h,24h,24,25,-0.08770887,0.03114136,-56.2984,17764,-14.0824,0.00542501,-16.1675,0.0,35.65,5,0.0333,3.4822,ROBUST_SIGNIFICANT_NEGATIVE,ROBUST_SIGNIFICANT_NEGATIVE,HIGH_OVERLAP
volatility_20h,72h,72,25,-0.09879012,0.05019642,-63.491,17716,-9.8404,0.00635195,-15.5527,0.0,106.24,5,0.1,4.0823,ROBUST_SIGNIFICANT_NEGATIVE,ROBUST_SIGNIFICANT_NEGATIVE,SEVERE_OVERLAP
volume_pressure_20h,1h,1,25,-0.01100277,0.00480247,-11.3086,17786,-11.4553,0.0010071,-10.9252,0.0,19.37,1,0.0014,1.0351,ROBUST_SIGNIFICANT_NEGATIVE,ROBUST_SIGNIFICANT_NEGATIVE,NO_MAJOR_OVERLAP
volume_pressure_20h,4h,4,25,-0.01446044,0.00857052,-14.6592,17784,-8.4362,0.00186857,-7.7388,0.0,17.26,4,0.0056,1.8943,ROBUST_SIGNIFICANT_NEGATIVE,ROBUST_SIGNIFICANT_NEGATIVE,MODERATE_OVERLAP
volume_pressure_20h,24h,24,25,-0.01577876,0.02013486,-16.275,17764,-3.9183,0.00364187,-4.3326,1.5e-05,47.12,5,0.0333,3.7564,ROBUST_SIGNIFICANT_NEGATIVE,ROBUST_SIGNIFICANT_NEGATIVE,HIGH_OVERLAP
volume_pressure_20h,72h,72,25,-0.01236365,0.02105144,-12.4567,17716,-2.9365,0.0034883,-3.5443,0.000394,35.27,5,0.1,3.5146,ROBUST_SIGNIFICANT_NEGATIVE,ROBUST_SIGNIFICANT_NEGATIVE,SEVERE_OVERLAP
vwap_dev_20h,1h,1,25,-0.02634873,0.01047883,-21.8666,17787,-12.5724,0.00229286,-11.4916,0.0,16.74,1,0.0014,1.9028,ROBUST_SIGNIFICANT_NEGATIVE,ROBUST_SIGNIFICANT_NEGATIVE,NO_MAJOR_OVERLAP
vwap_dev_20h,4h,4,25,-0.02689063,0.01250195,-22.3073,17785,-10.7546,0.00208337,-12.9073,0.0,43.79,4,0.0056,1.7283,ROBUST_SIGNIFICANT_NEGATIVE,ROBUST_SIGNIFICANT_NEGATIVE,MODERATE_OVERLAP
vwap_dev_20h,24h,24,25,-0.01628112,0.02163869,-14.0224,17765,-3.762,0.0043586,-3.7354,0.000187,26.69,5,0.0333,3.7539,ROBUST_SIGNIFICANT_NEGATIVE,ROBUST_SIGNIFICANT_NEGATIVE,HIGH_OVERLAP
vwap_dev_20h,72h,72,25,-0.0034522,0.02708122,-3.2895,17717,-0.6374,0.00397911,-0.8676,0.385624,91.68,5,0.1,3.7916,ROBUST_SIGNIFICANT_NEGATIVE,NAIVE_ONLY_SIGNIFICANT,SEVERE_OVERLAP
williams_r_14h,1h,1,25,0.02305918,0.01026248,22.6698,17793,11.2347,0.00212007,10.8766,0.0,20.45,1,0.0014,2.0843,ROBUST_SIGNIFICANT_POSITIVE,ROBUST_SIGNIFICANT_POSITIVE,NO_MAJOR_OVERLAP
williams_r_14h,4h,4,25,0.02072132,0.01317486,19.9995,17791,7.864,0.00245269,8.4484,0.0,30.24,4,0.0056,2.3673,ROBUST_SIGNIFICANT_POSITIVE,ROBUST_SIGNIFICANT_POSITIVE,MODERATE_OVERLAP
williams_r_14h,24h,24,25,0.00610582,0.01901825,6.6011,17771,1.6053,0.00359281,1.6995,0.089233,31.13,5,0.0333,3.8842,ROBUST_SIGNIFICANT_POSITIVE,NAIVE_ONLY_SIGNIFICANT,HIGH_OVERLAP
williams_r_14h,72h,72,25,-0.0034964,0.02095868,-3.4932,17723,-0.8341,0.00263335,-1.3277,0.184265,25.0,5,0.1,2.6309,ROBUST_SIGNIFICANT_NEGATIVE,NAIVE_ONLY_SIGNIFICANT,SEVERE_OVERLAP
wq101_alpha101,1h,1,25,-0.02556012,0.00880411,-28.9814,17805,-14.516,0.0019061,-13.4096,0.0,17.35,1,0.0014,2.1612,ROBUST_SIGNIFICANT_NEGATIVE,ROBUST_SIGNIFICANT_NEGATIVE,NO_MAJOR_OVERLAP
wq101_alpha101,4h,4,25,-0.01986498,0.00802607,-22.589,17803,-12.3753,0.00135072,-14.7069,0.0,35.87,4,0.0056,1.5359,ROBUST_SIGNIFICANT_NEGATIVE,ROBUST_SIGNIFICANT_NEGATIVE,MODERATE_OVERLAP
wq101_alpha101,24h,24,25,-0.00837049,0.00659099,-10.035,17783,-6.35,0.00112136,-7.4646,0.0,43.85,5,0.0333,1.3443,ROBUST_SIGNIFICANT_NEGATIVE,ROBUST_SIGNIFICANT_NEGATIVE,HIGH_OVERLAP
wq101_alpha101,72h,72,25,-0.00276419,0.00709364,-3.4747,17735,-1.9484,0.00121818,-2.2691,0.023261,29.12,5,0.1,1.5313,ROBUST_SIGNIFICANT_NEGATIVE,ROBUST_SIGNIFICANT_NEGATIVE,SEVERE_OVERLAP
wq101_alpha12,1h,1,25,0.00694446,0.0052879,9.5362,17804,6.5664,0.00117392,5.9156,0.0,15.96,1,0.0014,1.612,ROBUST_SIGNIFICANT_POSITIVE,ROBUST_SIGNIFICANT_POSITIVE,NO_MAJOR_OVERLAP
wq101_alpha12,4h,4,25,0.0083246,0.00460552,11.308,17802,9.0376,0.00108003,7.7078,0.0,19.44,4,0.0056,1.4671,ROBUST_SIGNIFICANT_POSITIVE,ROBUST_SIGNIFICANT_POSITIVE,MODERATE_OVERLAP
wq101_alpha12,24h,24,25,0.00743813,0.00549495,10.2673,17782,6.7681,0.00135852,5.4752,0.0,11.99,5,0.0333,1.8752,ROBUST_SIGNIFICANT_POSITIVE,ROBUST_SIGNIFICANT_POSITIVE,HIGH_OVERLAP
wq101_alpha12,72h,72,25,0.00642597,0.00435087,9.0301,17734,7.3847,0.0005981,10.7439,0.0,38.41,5,0.1,0.8405,ROBUST_SIGNIFICANT_POSITIVE,ROBUST_SIGNIFICANT_POSITIVE,SEVERE_OVERLAP
wq101_alpha53,1h,1,25,0.01829018,0.00652286,22.033,17797,14.0201,0.00143573,12.7392,0.0,16.41,1,0.0014,1.7295,ROBUST_SIGNIFICANT_POSITIVE,ROBUST_SIGNIFICANT_POSITIVE,NO_MAJOR_OVERLAP
wq101_alpha53,4h,4,25,0.01377486,0.00605775,16.7732,17795,11.3696,0.00093064,14.8014,0.0,53.79,4,0.0056,1.1332,ROBUST_SIGNIFICANT_POSITIVE,ROBUST_SIGNIFICANT_POSITIVE,MODERATE_OVERLAP
wq101_alpha53,24h,24,25,0.00552208,0.00310375,6.5648,17775,8.8958,0.00055374,9.9723,0.0,34.82,5,0.0333,0.6583,ROBUST_SIGNIFICANT_POSITIVE,ROBUST_SIGNIFICANT_POSITIVE,HIGH_OVERLAP
wq101_alpha53,72h,72,25,0.00297155,0.00243123,3.6037,17727,6.1112,0.00044272,6.712,0.0,42.23,5,0.1,0.5369,ROBUST_SIGNIFICANT_POSITIVE,ROBUST_SIGNIFICANT_POSITIVE,SEVERE_OVERLAP
wvma_20h,1h,1,25,-0.02954696,0.01039508,-22.4941,17786,-14.212,0.002177,-13.5724,0.0,19.47,1,0.0014,1.6573,ROBUST_SIGNIFICANT_NEGATIVE,ROBUST_SIGNIFICANT_NEGATIVE,NO_MAJOR_OVERLAP
wvma_20h,4h,4,25,-0.04353012,0.01468442,-33.4948,17784,-14.8219,0.00267527,-16.2713,0.0,27.48,4,0.0056,2.0585,ROBUST_SIGNIFICANT_NEGATIVE,ROBUST_SIGNIFICANT_NEGATIVE,MODERATE_OVERLAP
wvma_20h,24h,24,25,-0.06733962,0.02568936,-52.8308,17764,-13.1065,0.00373443,-18.0321,0.0,74.54,5,0.0333,2.9298,ROBUST_SIGNIFICANT_NEGATIVE,ROBUST_SIGNIFICANT_NEGATIVE,HIGH_OVERLAP
wvma_20h,72h,72,25,-0.07516565,0.03681022,-59.0509,17716,-10.2099,0.00364145,-20.6417,0.0,25.0,5,0.1,2.8608,ROBUST_SIGNIFICANT_NEGATIVE,ROBUST_SIGNIFICANT_NEGATIVE,SEVERE_OVERLAP
xs_rank_mom_accel,1h,1,25,-0.02415687,0.0080581,-20.511,17781,-14.9892,0.00162619,-14.8549,0.0,22.3,1,0.0014,1.3808,ROBUST_SIGNIFICANT_NEGATIVE,ROBUST_SIGNIFICANT_NEGATIVE,NO_MAJOR_OVERLAP
xs_rank_mom_accel,4h,4,25,-0.02463949,0.01071787,-21.0051,17779,-11.4946,0.00153638,-16.0374,0.0,286.31,4,0.0056,1.3098,ROBUST_SIGNIFICANT_NEGATIVE,ROBUST_SIGNIFICANT_NEGATIVE,MODERATE_OVERLAP
xs_rank_mom_accel,24h,24,25,-0.01827414,0.0164462,-15.7569,17759,-5.5557,0.00414485,-4.4089,1e-05,16.34,5,0.0333,3.5739,ROBUST_SIGNIFICANT_NEGATIVE,ROBUST_SIGNIFICANT_NEGATIVE,HIGH_OVERLAP
xs_rank_mom_accel,72h,72,25,-0.01038632,0.00678356,-9.5026,17711,-7.6555,0.00188059,-5.5229,0.0,10.17,5,0.1,1.7206,ROBUST_SIGNIFICANT_NEGATIVE,ROBUST_SIGNIFICANT_NEGATIVE,SEVERE_OVERLAP
xs_rank_ret_1h,1h,1,25,-0.03678336,0.01211681,-30.6929,17804,-15.1787,0.00267594,-13.7459,0.0,16.23,1,0.0014,2.2329,ROBUST_SIGNIFICANT_NEGATIVE,ROBUST_SIGNIFICANT_NEGATIVE,NO_MAJOR_OVERLAP
xs_rank_ret_1h,4h,4,25,-0.02828191,0.01184106,-23.9276,17802,-11.9423,0.00191493,-14.7692,0.0,48.13,4,0.0056,1.6201,ROBUST_SIGNIFICANT_NEGATIVE,ROBUST_SIGNIFICANT_NEGATIVE,MODERATE_OVERLAP
xs_rank_ret_1h,24h,24,25,-0.01173098,0.00694208,-10.3289,17782,-8.4492,0.00170318,-6.8877,0.0,13.74,5,0.0333,1.4996,ROBUST_SIGNIFICANT_NEGATIVE,ROBUST_SIGNIFICANT_NEGATIVE,HIGH_OVERLAP
xs_rank_ret_1h,72h,72,25,-0.00434668,0.00931019,-4.144,17734,-2.3344,0.00197151,-2.2047,0.027472,20.66,5,0.1,1.8796,ROBUST_SIGNIFICANT_NEGATIVE,ROBUST_SIGNIFICANT_NEGATIVE,SEVERE_OVERLAP
xs_rank_vol,1h,1,25,-0.018764,0.00666869,-16.8386,17787,-14.0687,0.00145317,-12.9125,0.0,16.97,1,0.0014,1.3041,ROBUST_SIGNIFICANT_NEGATIVE,ROBUST_SIGNIFICANT_NEGATIVE,NO_MAJOR_OVERLAP
xs_rank_vol,4h,4,25,-0.02882257,0.00803834,-25.4559,17785,-17.9282,0.00160767,-17.9282,0.0,25.48,4,0.0056,1.4199,ROBUST_SIGNIFICANT_NEGATIVE,ROBUST_SIGNIFICANT_NEGATIVE,MODERATE_OVERLAP
xs_rank_vol,24h,24,25,-0.05425472,0.01991828,-46.5565,17765,-13.6193,0.00256053,-21.1889,0.0,25.0,5,0.0333,2.1972,ROBUST_SIGNIFICANT_NEGATIVE,ROBUST_SIGNIFICANT_NEGATIVE,HIGH_OVERLAP
xs_rank_vol,72h,72,25,-0.06727063,0.03603263,-58.4562,17717,-9.3347,0.00377341,-17.8276,0.0,1100.63,5,0.1,3.279,ROBUST_SIGNIFICANT_NEGATIVE,ROBUST_SIGNIFICANT_NEGATIVE,SEVERE_OVERLAP
