factor_id,paper_return_btc_corr,paper_return_btc_beta,long_short_btc_corr,long_short_btc_beta,ic_btc_return_corr,bull_minus_bear_paper_return,highvol_minus_lowvol_paper_return,drawdown_minus_normal_paper_return,regime_dependency_class,main_regime_note_zh,main_regime_note_en
a101_vol_xs_z_product_112h,-0.38477363686851074,-0.38833719248354426,-0.31334374259879466,-0.016505584847869216,-0.2533746546383858,-0.08260220067141451,0.046350299046304895,0.01600515842401523,BEAR_DEPENDENT,熊市依赖,Bear-dependent
a101_volume_cap_alpha_min_56_84,-0.3440064218606827,-0.23934358858468274,-0.2057789065683217,-0.00624701261875728,-0.08422497418415592,-0.06193217791256287,0.04037383585556146,0.03871120739040934,BEAR_DEPENDENT,熊市依赖,Bear-dependent
a101_volume_cap_alpha_min_80_80,-0.43214439962168005,-0.23687389927030986,-0.19692086404287443,-0.007744132481938019,-0.09544134302252223,-0.06306343234918814,0.0344790374435132,0.03041286901063467,BEAR_DEPENDENT,熊市依赖,Bear-dependent
a101_volume_high_alpha_min_84_84,-0.3377628141854886,-0.21177455369856424,-0.2946852611834914,-0.008266742564696406,-0.10328591579368554,-0.03139942747417832,0.05228239136859479,0.01007360344541723,VOL_DEPENDENT,波动率依赖,Volatility-dependent
a101_volume_low_alpha_min_84_120,-0.5193054470405392,-0.32553693468836503,-0.31908930340480507,-0.012767182808551644,-0.18417233251896598,-0.0764143938061349,0.03241565789532817,0.03470499168650595,BEAR_DEPENDENT,熊市依赖,Bear-dependent
a101_volume_xs_z_mean_neg_112h,-0.4771266896213679,-0.4263846783870722,-0.30555740183257385,-0.014098168026372475,-0.10215777013138502,-0.09953819799164472,0.05876590682013297,0.006454649511206265,BEAR_DEPENDENT,熊市依赖,Bear-dependent
amihud_illiquidity_20h,-0.07710925619065363,-0.06412160740780534,-0.016947596443831058,-0.0008770822783154392,0.12084328966605604,-0.013211492053902991,0.03815360012018564,0.08383184136411079,REGIME_ROBUST,跨市场稳健,Regime-robust
bb_zscore_20h,-0.05129334340380634,-0.05572859410325374,0.003536818074788127,0.00013294313382052915,-0.07043438013261581,-0.004813042873679896,-0.03786264660388686,0.08898704112043203,REGIME_ROBUST,跨市场稳健,Regime-robust
breakout_dist_20h,-0.22400678719015493,-0.22568275018999256,-0.04667524976214304,-0.0017237883718643867,-0.11470302400133436,-0.09499693900505599,0.02654665654247404,0.12328406147186757,BEAR_DEPENDENT,熊市依赖,Bear-dependent
breakout_dist_48h,-0.13320440080488288,-0.15232881878450175,0.020894391605666356,0.0010481505813728696,-0.10829199582972208,-0.05930798650436535,-0.005176188363509707,0.12707001686458919,BEAR_DEPENDENT,熊市依赖,Bear-dependent
candle_body,-0.24096582238116715,-0.1906423387712812,-0.0121910875862617,-0.00016048092157972525,-0.0020808726155119176,-0.0880159832940034,0.06946677246402333,0.04446333902279331,BEAR_DEPENDENT,熊市依赖,Bear-dependent
candle_wick_lower,0.17343760036091943,0.14113941944268688,-0.11072239067543828,-0.0013265796085587778,0.06771710849706683,0.010384275197090898,0.0801320614719806,-0.009998267936951966,VOL_DEPENDENT,波动率依赖,Volatility-dependent
candle_wick_upper,0.012909455893650328,0.01145684153252071,0.12681805739452884,0.002171310869277538,-0.13293102637324108,0.0034470754863957787,-0.07757965227812846,0.04926159624076648,VOL_DEPENDENT,波动率依赖,Volatility-dependent
clv_20h,-0.11373781760777829,-0.10700429606160446,0.036681465329537984,0.0015226533212453893,0.10633461195207213,-0.09042557689597686,0.025522765180392815,0.019574352028153774,BEAR_DEPENDENT,熊市依赖,Bear-dependent
downside_vol_20h,0.14902045781784587,0.22421676144137706,-0.09532580060275536,-0.0073634636195061744,0.08891912673703295,0.10784765329728996,-0.14292209870131917,0.08393454336112426,BULL_DEPENDENT,牛市依赖,Bull-dependent
ema_12_26_gap,-0.04437281489097545,-0.05584227432696055,0.11689807923655449,0.007084368862719443,-0.12271102867692887,-0.00014897247091424926,-0.10300730090826389,-0.03427680871838976,VOL_DEPENDENT,波动率依赖,Volatility-dependent
funding_rate_change_24h,0.4997495949231267,0.4279052213834699,-0.14107255667164906,-0.0030696242148621883,-0.021600354869888417,0.04874261850979945,0.018669606135765293,-0.025576481100731505,REGIME_ROBUST,跨市场稳健,Regime-robust
funding_rate_level_20h,-0.017561414648851338,-0.025622572673302292,0.02433042806122468,0.002178905180125119,-0.07885739846859634,0.053845945111774526,-0.03903741354611244,0.13383642219023645,BULL_DEPENDENT,牛市依赖,Bull-dependent
funding_rate_zscore_80h,0.17352115350124464,0.14154599228197196,-0.25338921827205085,-0.011493001563845176,0.1723977321904396,-0.01842812458535996,0.007469233321776986,-0.005865003246012718,REGIME_ROBUST,跨市场稳健,Regime-robust
intraday_ret,-0.14865738812309706,-0.14582028560903842,-0.007326958845421411,-0.0001137505624538318,-0.01576854048174276,-0.05792775556623919,0.043434057794876024,0.10161633274170001,BEAR_DEPENDENT,熊市依赖,Bear-dependent
klow_close,0.12220432791251802,0.08919443804650111,0.06797104348501128,0.003438616150724251,0.12666405238093875,0.02638570283947167,0.008149098928552756,0.04749339163882749,REGIME_ROBUST,跨市场稳健,Regime-robust
ksft_5h,-0.04052479928211212,-0.0265133394839904,0.17373153706250716,0.0022048807834744275,0.06435394395794812,-0.00770450585175364,-0.042028212288768074,0.025439842827059966,REGIME_ROBUST,跨市场稳健,Regime-robust
ma_gap_10_40,-0.16394127775456385,-0.17942580186744,0.04708313363096142,0.002614846483002971,-0.17654752290983824,-0.0350530571470203,-0.0745069689364641,0.002081983400720692,VOL_DEPENDENT,波动率依赖,Volatility-dependent
ma_gap_20_80,-0.0066886862239934845,-0.008144745642838404,0.1283649833358861,0.008945793192936362,-0.06825702165151491,-0.021110899726017932,-0.027412845490181616,0.02262786321450637,REGIME_ROBUST,跨市场稳健,Regime-robust
ma_gap_5_20,-0.09036712532611806,-0.10077945750378303,0.0650924692152028,0.002784307203656677,-0.12224927299159659,-0.0004856759973128552,-0.1164156292802149,0.02388018559203724,VOL_DEPENDENT,波动率依赖,Volatility-dependent
mom_10h,-0.11917644858230755,-0.13348322935658172,0.027985292815535752,0.0010534050980298727,-0.0955754480060075,0.002237905945831453,-0.09964157433883783,0.01152674295779621,VOL_DEPENDENT,波动率依赖,Volatility-dependent
mom_120h,0.07356533038141892,0.06632811927487915,0.11883249877499373,0.007820863251460385,-0.05876521860630608,-0.018037349725775524,-0.01843948954879269,0.05022502312948427,REGIME_ROBUST,跨市场稳健,Regime-robust
mom_20h,0.05817342107373017,0.07279374270977328,0.0406398936761348,0.0019928684790258685,-0.1428272833640283,0.025868940050019898,-0.10881212613525573,0.036842770552090995,VOL_DEPENDENT,波动率依赖,Volatility-dependent
mom_40h,-0.194764902798829,-0.2428851403788371,0.10338560050067869,0.006239694639036917,-0.12004266662785548,-0.055888063911781055,-0.0026984434458270368,0.010938568972047098,BEAR_DEPENDENT,熊市依赖,Bear-dependent
mom_5h,-0.21743676860614314,-0.25580286425176935,-0.0004545478400603323,-1.3269203090876959e-05,-0.05672260239173143,-0.07118557738426501,0.03698260041446122,0.06851873434076089,BEAR_DEPENDENT,熊市依赖,Bear-dependent
mom_72h,-0.0641942853363411,-0.07170713309431816,0.10906505811315918,0.007378498181214073,-0.08913997382597481,-0.029378593287736926,-0.05852422588440881,0.06957509286950268,VOL_DEPENDENT,波动率依赖,Volatility-dependent
mom_accel_20h,0.08522456308261649,0.09416474927344326,-0.030143410143349588,-0.0005117331022443243,0.08860696047449852,0.022449131585423387,-0.01564325354344806,0.08234790952952256,REGIME_ROBUST,跨市场稳健,Regime-robust
mom_vol_adjusted_20h,-0.08601909813248096,-0.1076366916532432,0.007096318790569898,0.00034878149545325323,-0.09162070417038465,-0.048266355715225064,-0.04868858430264684,0.02671456980437667,REGIME_ROBUST,跨市场稳健,Regime-robust
price_pos_120h,0.019895656749298187,0.023144684688598077,0.11250796339226406,0.006593267615433083,0.0033076915490932884,-0.036391443427852,-0.018352054499902758,0.11581036366563077,REGIME_ROBUST,跨市场稳健,Regime-robust
price_pos_24h,-0.28461965551030527,-0.2945697682651506,-0.04429580909812367,-0.0018553649849644574,-0.11903275001405532,-0.11719299446791055,0.027783449078127548,0.13024429060549814,BEAR_DEPENDENT,熊市依赖,Bear-dependent
price_pos_72h,-0.04192840873894924,-0.05343340737348374,0.05076795573831976,0.0027402860393104574,-0.03495921259803706,-0.04422375336303454,-0.022543198626550846,0.11812543223644766,REGIME_ROBUST,跨市场稳健,Regime-robust
price_volume_corr_20h,0.030480509001108137,0.02662807672676895,0.09475521839116467,0.0033176592468164884,-0.11426910327898009,0.011106983116345406,-0.01550516117156029,0.0179659098245643,REGIME_ROBUST,跨市场稳健,Regime-robust
q158_beta_20h,0.05591367552345022,0.062277062856440545,0.07022114128618806,0.0031379668343593484,-0.13782083479551763,0.024480215492985034,-0.11222737799372762,-0.0023662300804458934,VOL_DEPENDENT,波动率依赖,Volatility-dependent
q158_beta_30h,-0.04917027209582961,-0.05098213946704508,0.0451519139578951,0.0023605766951296458,-0.1827909726812664,-0.004662368132175722,-0.058751985993500004,0.007020389811294148,VOL_DEPENDENT,波动率依赖,Volatility-dependent
q158_close_close_4h,0.10878163726309943,0.14492616285828053,-0.010939760060202646,-0.000292147172404907,0.05488170512389522,0.01671906962666006,0.0016228810043672492,-0.025173007982491002,REGIME_ROBUST,跨市场稳健,Regime-robust
q158_cntd_20h,-0.20649395657117744,-0.22204985166177899,-0.03302837368462236,-0.001271476988108677,-0.011595677082114224,-0.13027957658200506,-0.018516030419526888,0.03270711260773673,BEAR_DEPENDENT,熊市依赖,Bear-dependent
q158_cntd_30h,-0.16864964256176543,-0.17470574410666845,-0.019529859697057003,-0.0007958439169693902,-0.040406021369465465,-0.12486733432847338,0.0565615238510862,0.023500395408530883,BEAR_DEPENDENT,熊市依赖,Bear-dependent
q158_cntn_20h,0.21994845723424158,0.21408208861916056,-0.03689830318426154,-0.0013837781502576527,0.02156655980341703,0.11374149526089465,0.025625763691194514,-0.03480340394032658,BULL_DEPENDENT,牛市依赖,Bull-dependent
q158_cntn_30h,0.08737310016530409,0.07138471764149076,-0.003790497984291492,-0.00015615749252317,0.049095444897867144,0.07149378772879812,-0.03240909565490553,0.0035983914299893838,BULL_DEPENDENT,牛市依赖,Bull-dependent
q158_cntp_20h,-0.21172571046423522,-0.2052431319502524,-0.0417264538485053,-0.0016496081299339413,-0.0056241217719398195,-0.11821739070142026,-0.02599848506126151,0.04750567334036199,BEAR_DEPENDENT,熊市依赖,Bear-dependent
q158_cntp_30h,-0.06707828822744959,-0.06911351039374643,-0.0306951598745255,-0.0013061267602145245,-0.02473179249710011,-0.08861457107612998,0.042956576769748095,0.02309793057377,BEAR_DEPENDENT,熊市依赖,Bear-dependent
q158_cord_20h,-0.023502211707255683,-0.020618516539129397,0.1039560219565395,0.003552336539798067,-0.134169738386362,0.010319581291062314,-0.00812678999547134,0.016474604562183547,REGIME_ROBUST,跨市场稳健,Regime-robust
q158_corr_20h,0.2853428263784366,0.29922722732401896,0.15768888358486258,0.006239766617595965,0.02406251173316401,0.0493652116338096,-0.05178701632071563,-0.026445400002636864,VOL_DEPENDENT,波动率依赖,Volatility-dependent
q158_high_close_0h,0.17227318586632098,0.2793720637185735,0.06492926090762269,0.0038010839821388583,0.057085181397508115,0.13441867364228888,-0.19074153112394165,0.10390711602285974,BULL_DEPENDENT,牛市依赖,Bull-dependent
q158_high_close_1h,0.12406478969289125,0.17161619898817088,0.07657760230151249,0.002392813945923676,0.06772052749805303,0.0795812435065881,-0.09627505861966718,-0.008507307549956877,BULL_DEPENDENT,牛市依赖,Bull-dependent
q158_high_close_2h,0.03870646299789091,0.05731639209471097,0.016223556113135182,0.0004400611525474174,0.08318018440011402,0.03344898377783831,-0.014585833288507294,-0.0055492136620586,REGIME_ROBUST,跨市场稳健,Regime-robust
q158_high_close_3h,0.04123766894991633,0.061973281310978734,0.009636108402775321,0.00025923289501227797,0.06038734682373113,0.02601751810404379,-0.045698276651939235,-0.005554241166904755,REGIME_ROBUST,跨市场稳健,Regime-robust
q158_high_close_4h,0.1333170608086885,0.1768951426863484,0.036406295564593016,0.0009884185418044457,0.06863992340193584,0.03383812764220734,-0.02572113791312336,-0.006830936253113151,REGIME_ROBUST,跨市场稳健,Regime-robust
q158_high_low_range,0.12212898110131185,0.17709873720674724,0.07832842843901304,0.006164855641325138,0.08852995056487806,0.08461092667300615,-0.14102600077935537,0.10108449736849401,BULL_DEPENDENT,牛市依赖,Bull-dependent
q158_imax_20h,0.20206382235752993,0.17587594044533483,0.056929264896779505,0.0017856066887023295,0.10693901996220509,0.05296002590593957,0.05878805218499489,-0.029834239287134495,BULL_DEPENDENT,牛市依赖,Bull-dependent
q158_imax_30h,0.1879382765212815,0.14003859681618083,0.012005060156436854,0.00040257932903962576,0.1646850404232839,0.017544340517311574,0.04012548391945456,-0.02859675531920311,REGIME_ROBUST,跨市场稳健,Regime-robust
q158_imin_20h,-0.04850902316641778,-0.04639226377782139,0.007980876920557755,0.00026185943398919314,-0.005688823829993141,-0.0009324978753350727,-0.07549743821329888,0.035346686280739156,VOL_DEPENDENT,波动率依赖,Volatility-dependent
q158_imxd_20h,0.004346010377754099,0.003715675483831271,-0.007461269042598839,-0.0002676264293186984,0.03132153678755571,0.005948121599021194,0.06979929565909976,0.011225391716426475,VOL_DEPENDENT,波动率依赖,Volatility-dependent
q158_klen_open,0.11966364036593578,0.1712448466986351,0.08005913143491215,0.0063104640948166224,0.0892896155210156,0.0820297713180137,-0.13929658638476797,0.10460114950315058,BULL_DEPENDENT,牛市依赖,Bull-dependent
q158_klow_open,0.09339073827167386,0.06674322980404418,0.07054903802872377,0.0035817454137243437,0.12762300325018203,0.018918072273377606,0.01295946516935198,0.05791372522970262,REGIME_ROBUST,跨市场稳健,Regime-robust
q158_klow_range,0.17166573097006946,0.13979619862264742,-0.11214013596064638,-0.0013445651408644384,0.06730045236427007,0.009922023039145078,0.08041887456454039,-0.009704395874542082,VOL_DEPENDENT,波动率依赖,Volatility-dependent
q158_kmid_open,-0.14865738812309706,-0.14582028560903842,-0.007326958845421411,-0.0001137505624538318,-0.01576854048174276,-0.05792775556623919,0.043434057794876024,0.10161633274170001,BEAR_DEPENDENT,熊市依赖,Bear-dependent
q158_kmid_range,-0.24012909752721584,-0.1895434954185865,-0.011220611019357686,-0.00014754946092658539,-0.001700994598685741,-0.08794370608546098,0.06956127149248298,0.04379320383426605,BEAR_DEPENDENT,熊市依赖,Bear-dependent
q158_ksft_open,-0.06985893094466929,-0.05223639573656292,0.09740349263154073,0.0012698297854681617,0.019372641458706135,-0.05515940132515795,0.09310893985184532,0.034924207964076526,BEAR_DEPENDENT,熊市依赖,Bear-dependent
q158_ksft_range,-0.1465450046514062,-0.12035451826375586,-0.05355386083785284,-0.0005433507757835163,0.03227551122267917,-0.07819901242104133,0.10393193716452731,0.036327531618804976,BEAR_DEPENDENT,熊市依赖,Bear-dependent
q158_kup_open,0.12676157990776846,0.18645906634951775,-0.041033248077851275,-0.002261549993760829,0.041567765900782004,0.0756985926574982,-0.1645171083996301,0.11645879298349193,BULL_DEPENDENT,牛市依赖,Bull-dependent
q158_kup_range,0.014048522055080566,0.012461657875137573,0.12626858878097433,0.0021638376839554635,-0.13343947457990576,0.003756661914322612,-0.07728790001622637,0.04947236183523607,VOL_DEPENDENT,波动率依赖,Volatility-dependent
q158_low_close_0h,-0.2746840950328571,-0.28332933487756246,-0.0934897598554378,-0.0053114561789549515,-0.16378708835464556,-0.028745773221806603,0.015215594139244115,-0.037154391508798235,REGIME_ROBUST,跨市场稳健,Regime-robust
q158_low_close_1h,-0.07178198114093776,-0.09466014022763564,-0.06820301433365847,-0.002690160500691673,-0.06768420623212791,0.02660903205206755,0.030874540561158847,-0.024051393694624223,REGIME_ROBUST,跨市场稳健,Regime-robust
q158_low_close_2h,-0.021887276935281856,-0.03403246714346717,-0.06861391170717616,-0.002450682663568228,-0.019299995413601806,0.0023178605587649836,0.05086380853784028,-0.048119796116226854,VOL_DEPENDENT,波动率依赖,Volatility-dependent
q158_low_close_3h,-0.0119081220101584,-0.01756033218325836,-0.052641996436385244,-0.0019053089684644411,-0.02612230775635301,-0.01907092547818809,0.05499166719132856,-0.005434521588408653,VOL_DEPENDENT,波动率依赖,Volatility-dependent
q158_low_close_4h,-0.03402594156811673,-0.042049988499505676,-0.05525319811111108,-0.0020675338771155675,0.002508639043455814,-0.022968621782377824,0.028569583289804218,-0.01280785160156378,REGIME_ROBUST,跨市场稳健,Regime-robust
q158_ma_10h,0.04383751707376166,0.05575259166940942,-0.014922444856755411,-0.00048324934809356807,0.058294225783104815,-0.0010149484720870239,0.014339060611270521,-0.012584141466497056,REGIME_ROBUST,跨市场稳健,Regime-robust
q158_ma_20h,0.09431448650231719,0.09040942644488353,-0.06409291471933347,-0.0026932873073641913,0.10720663694301279,0.00942544812738716,0.046143231576995875,-0.021319270358357956,REGIME_ROBUST,跨市场稳健,Regime-robust
q158_ma_30h,-0.004401942249274982,-0.003901167683470436,-0.06647079124977157,-0.003209334577778636,0.14299424989932033,-0.013249833651882481,0.07530143410624995,-0.034732900678943746,VOL_DEPENDENT,波动率依赖,Volatility-dependent
q158_ma_5h,0.01615212608292248,0.024789946741861437,-0.011461756193287171,-0.0002892800357478247,0.051894040488322066,0.010314631583136558,-0.0011629256696158163,-0.04105747888046468,REGIME_ROBUST,跨市场稳健,Regime-robust
q158_ma_60h,0.03979532869254521,0.03857285669573047,-0.1212483144304006,-0.00754469920079705,0.0966182387031956,0.012051611736468681,0.05809335668907903,-0.048885082726160295,VOL_DEPENDENT,波动率依赖,Volatility-dependent
q158_max_10h,0.2225110497468762,0.332280641273837,0.12563155599600212,0.007028758418373658,0.10106640576994684,0.15804930489178265,-0.18408959715188236,0.005917195715133092,BULL_DEPENDENT,牛市依赖,Bull-dependent
q158_max_20h,0.2661903736790408,0.32929865269635106,0.14076276369499235,0.007815587043230373,0.1555639767262761,0.14607948763374826,-0.14320762567764656,-0.013350610149901299,BULL_DEPENDENT,牛市依赖,Bull-dependent
q158_max_30h,0.35433964214989183,0.42777221006527727,0.11081493595257115,0.006246423294944342,0.17751476537098015,0.17712311279829274,-0.12659544674111808,-0.025507454351918868,BULL_DEPENDENT,牛市依赖,Bull-dependent
q158_max_5h,0.26748779643648074,0.4016361835098603,0.09285347965217076,0.005204237033571208,0.08042398304719679,0.16179088942522063,-0.19035279893092466,0.03236260182893255,BULL_DEPENDENT,牛市依赖,Bull-dependent
q158_max_60h,0.2967809711812239,0.4239734068598708,0.044263249434726155,0.0025483689670035975,0.13164397882437343,0.17045495823119305,-0.09430180192847844,-0.09196549748194907,DRAWDOWN_FRAGILE,回撤脆弱,Fragile during drawdowns
q158_min_10h,-0.21730804684792063,-0.25449652680427076,-0.06546565882652353,-0.004169422920543543,-0.07099643129495417,-0.05538289775706354,0.09103938622638927,-0.06603624348783876,DRAWDOWN_FRAGILE,回撤脆弱,Fragile during drawdowns
q158_min_20h,-0.13155278170403423,-0.16337349114186572,-0.06045753569529597,-0.00400986354789416,-0.04317573252810128,-0.04766783582864012,0.09788883098468615,-0.08963279342639596,DRAWDOWN_FRAGILE,回撤脆弱,Fragile during drawdowns
q158_min_30h,-0.09440012787593612,-0.0968202767127231,-0.034627857590444434,-0.0023181232512519785,-0.020295097619389052,-0.04314833432555343,0.055125706999940766,-0.06581674250966965,DRAWDOWN_FRAGILE,回撤脆弱,Fragile during drawdowns
q158_min_5h,-0.20980305061328958,-0.27127873974244726,-0.07095015830078068,-0.004301570922273948,-0.11382598502596723,-0.0550226961596334,0.09586563365357825,-0.05318707404566747,DRAWDOWN_FRAGILE,回撤脆弱,Fragile during drawdowns
q158_min_60h,-0.18081370567940896,-0.16222737123867073,-0.04821499483348395,-0.0031639975771918585,-0.04592874236507088,-0.04093819743981211,0.0298566311364806,-0.053105333535916566,DRAWDOWN_FRAGILE,回撤脆弱,Fragile during drawdowns
q158_open_close_0h,-0.03130644267692003,-0.03513575068534127,-0.010448635392629151,-0.00016098016916221472,0.0157674126549579,0.014845506300832312,-0.003950814720386664,-0.0232266456202318,REGIME_ROBUST,跨市场稳健,Regime-robust
q158_open_close_1h,-0.00782976458368009,-0.011140214222087701,-0.03125864098197283,-0.0006540892220934335,0.06854516154766147,0.025566765897755972,-0.008069296712947316,-0.006710200452343051,REGIME_ROBUST,跨市场稳健,Regime-robust
q158_open_close_2h,0.03747586913680675,0.05687556794472177,-0.016381544681746806,-0.0003934169783760399,0.05277102814085559,0.005589103806203144,0.0020563733786494176,-0.03362480544695029,REGIME_ROBUST,跨市场稳健,Regime-robust
q158_open_close_3h,0.09320685773255209,0.12356478708958597,-0.009913662250297548,-0.0002647046216887593,0.05376160515398941,0.011351175264789182,0.0002414590081646073,-0.02478907020313567,REGIME_ROBUST,跨市场稳健,Regime-robust
q158_open_close_4h,0.09672892927321486,0.11844454032784675,-0.0035757600835189555,-0.00010259732969708958,0.05576787567065537,0.031806678260299065,0.011525662760485611,-0.02465214844836322,REGIME_ROBUST,跨市场稳健,Regime-robust
q158_qtld_20h,0.028157050976317075,0.028912962202252337,-0.10595377247414323,-0.005119944311215562,0.02970595874603075,-0.004104723149796458,0.06381008724233267,-0.034335277618077864,VOL_DEPENDENT,波动率依赖,Volatility-dependent
q158_qtld_30h,-0.0030128000347324282,-0.0027446950682902724,-0.08188750414958057,-0.00427909255420977,0.03001861344149633,-0.00858344129152247,0.04751835843295671,-0.020435092845458858,REGIME_ROBUST,跨市场稳健,Regime-robust
q158_qtlu_20h,0.1190754999112269,0.13246431578196935,0.052998556763093035,0.0020614715745664062,0.15913050918128258,0.02264083593111632,0.03871819490690931,-0.018864081727515802,REGIME_ROBUST,跨市场稳健,Regime-robust
q158_qtlu_30h,0.11721703076188673,0.11917966237197493,0.022331700896634325,0.0009828422826258212,0.1896768843873536,0.02388730342737061,0.05611434602353986,0.009391264478293498,VOL_DEPENDENT,波动率依赖,Volatility-dependent
q158_rank_close_20h,-0.3005161924276296,-0.29087905933053737,-0.01219900624531483,-0.0004381794388797584,-0.07283285797437687,-0.07335844798084828,-0.023145178427261492,0.09651434618714114,BEAR_DEPENDENT,熊市依赖,Bear-dependent
q158_rank_close_30h,-0.3166917657646361,-0.32250340353987744,-0.025383835573609723,-0.001077135727668205,-0.08340401090628478,-0.0893062847920463,-0.020546327807017928,0.09623753834841078,BEAR_DEPENDENT,熊市依赖,Bear-dependent
q158_resi_20h,-0.3060231769924856,-0.39827538650648725,-0.1564766546348883,-0.002412550930364006,0.020294236407031676,-0.08222197849918944,0.02373239376886127,0.01045870411125932,BEAR_DEPENDENT,熊市依赖,Bear-dependent
q158_resi_30h,-0.14251226689756274,-0.16315802004247312,-0.09242775877903264,-0.002136406069080741,0.06792855718282409,-0.024345327152270807,-0.008409674870464373,0.03625301939200601,REGIME_ROBUST,跨市场稳健,Regime-robust
q158_roc_20h,-0.1592989327858735,-0.15216203593963928,-0.051823273925866144,-0.002507531573864249,0.14282441435878157,-0.04054651712914023,0.0887357862722577,-0.015431184485389632,VOL_DEPENDENT,波动率依赖,Volatility-dependent
q158_rsqr_20h,0.24464631897729502,0.26064552393492796,0.15414914220404735,0.004348831571010916,0.22459043609327875,0.041471239950042975,-0.14229627117609228,-0.040088208720094484,VOL_DEPENDENT,波动率依赖,Volatility-dependent
q158_rsqr_30h,0.37116183731600727,0.3599272800237228,0.17827544391617858,0.004981126452575603,0.30010950793258473,0.08157672320674755,-0.04602582396806202,-0.01362995853183347,BULL_DEPENDENT,牛市依赖,Bull-dependent
q158_rsv_20h,-0.2075506425151754,-0.20950416879571898,-0.03864761973205823,-0.0015276145167182607,-0.09577826207093364,-0.08957234946857354,0.024657938731684786,0.1250959318870759,BEAR_DEPENDENT,熊市依赖,Bear-dependent
q158_rsv_30h,-0.12864373419197345,-0.135358589063557,-0.02320583905014574,-0.0010296412329044943,-0.13301512835105272,-0.07920436088342966,0.035512206253979425,0.10203857190416263,BEAR_DEPENDENT,熊市依赖,Bear-dependent
q158_std_10h,0.023135293893918375,0.03651494905170599,-0.14347590516409067,-0.010321536165600526,0.10552662583094351,0.03570295268581288,-0.16702927221934744,0.0865341603855998,VOL_DEPENDENT,波动率依赖,Volatility-dependent
q158_std_20h,0.14569341133732985,0.24911584947262602,-0.14924178170465216,-0.010994398445746326,0.1404325380186916,0.10636006119452968,-0.21339257051582372,0.0775871908653554,BULL_DEPENDENT,牛市依赖,Bull-dependent
q158_std_30h,0.22740989763886132,0.37085503277469645,-0.12938544490124013,-0.00943579642140567,0.18086039761254252,0.13901720885137225,-0.16832006921817175,0.07068671444412748,BULL_DEPENDENT,牛市依赖,Bull-dependent
q158_std_5h,-0.034037430693972956,-0.04419606824680926,-0.12908754811207143,-0.00860590024122898,0.11817688420156466,0.01025052885703942,-0.1229526741191698,0.07698682860165645,VOL_DEPENDENT,波动率依赖,Volatility-dependent
q158_std_60h,0.23557310134973689,0.3473516070288608,-0.08688141751312005,-0.005836867769971183,0.20000008050712995,0.12544140901495443,-0.13795250505298498,0.006861288419027202,BULL_DEPENDENT,牛市依赖,Bull-dependent
q158_sumd_20h,-0.09197874129014315,-0.1138272944445801,0.015885921006784556,0.0007525899765546704,-0.088589371431025,-0.04587329442514816,-0.06776899514615409,0.02617191857928383,VOL_DEPENDENT,波动率依赖,Volatility-dependent
q158_sumd_30h,-0.19703720054828835,-0.2170410813373932,0.0242249949705918,0.001266911839157852,-0.09048184901295742,-0.06279404143645514,0.021632073634196683,0.021974164038154578,BEAR_DEPENDENT,熊市依赖,Bear-dependent
q158_sumn_20h,0.01308067810545355,0.013147956539139166,0.007854375871088465,0.00036852528132858654,0.10218837839196204,0.02007909109811093,0.06145813011984194,-0.020212897139649577,VOL_DEPENDENT,波动率依赖,Volatility-dependent
q158_sump_20h,-0.09189507212618352,-0.1142622049505342,0.0102688075044453,0.000498097608817785,-0.08234109338477755,-0.04684148377538433,-0.0661616477314386,0.02997996234753271,VOL_DEPENDENT,波动率依赖,Volatility-dependent
q158_vma_20h,-0.2848097785100647,-0.22480156717341462,-0.25043310450331846,-0.004484606505243937,-0.1426730863500485,-0.04416535328986371,0.0529997200523728,0.01978169814136088,VOL_DEPENDENT,波动率依赖,Volatility-dependent
q158_volume_ratio_1h,-0.04671663210352061,-0.030099257106169154,-0.0889456561361876,-0.0007625003684574804,0.025431501639636252,-0.009761483494128254,0.014190382174969318,0.010960090166479974,REGIME_ROBUST,跨市场稳健,Regime-robust
q158_volume_ratio_2h,-0.12881599585228132,-0.08620842166086608,-0.10374312569526505,-0.000993008780658641,-0.013472865417421638,-0.021246157054390424,0.03322045562309234,-0.0052160946622173965,REGIME_ROBUST,跨市场稳健,Regime-robust
q158_volume_ratio_3h,-0.00823845224125885,-0.0051433498300242015,-0.039811621913674454,-0.0004242910986756359,0.009401669705797722,-0.012195336863166317,0.04742735059075387,-0.01814076369151607,REGIME_ROBUST,跨市场稳健,Regime-robust
q158_volume_ratio_4h,-0.09192812906229313,-0.06000731193091757,-0.0826174606361832,-0.0009111001748165225,-0.007257932462559586,-0.026579391994338786,0.033341149095214184,0.017991405150007633,REGIME_ROBUST,跨市场稳健,Regime-robust
q158_vstd_20h,-0.09110722093387488,-0.07214299005477631,-0.2872606559905973,-0.006083771324211198,-0.1695151729870862,-0.00721222054592302,0.03411593045046535,0.004014163381754088,REGIME_ROBUST,跨市场稳健,Regime-robust
q158_vsumd_20h,0.09449167468327224,0.07581135481150207,0.12731412764367855,0.0030411567241669527,0.06203947060104312,-0.012020344766312141,-0.022877824497549437,0.07475777976621073,REGIME_ROBUST,跨市场稳健,Regime-robust
q158_vsumn_20h,-0.3056712048299367,-0.22372954791013402,-0.13061346553419592,-0.00302758401873978,-0.03734228463799894,-0.040267383129263534,0.05378472363464204,-0.0009073965697511954,VOL_DEPENDENT,波动率依赖,Volatility-dependent
q158_vsump_20h,0.11082115022202833,0.08807066205607275,0.11607008768909993,0.003043313442488341,0.08325143619246383,-0.008239572133899586,-0.025142680528881356,0.07607011618280346,REGIME_ROBUST,跨市场稳健,Regime-robust
q158_wvma_20h,0.05715033962958396,0.04408649367597202,0.29547460184782426,0.007970323204900128,-0.4082147207164019,0.03233457248329791,-0.023330251240681166,0.047394444479248954,REGIME_ROBUST,跨市场稳健,Regime-robust
qvol_ma_ratio_20_80,0.2175365272288889,0.23163169368981684,0.15827231547819554,0.006235665640131047,0.20166850212687526,0.05848237257944927,-0.08479190977292983,0.04652375449013482,BULL_DEPENDENT,牛市依赖,Bull-dependent
qvol_ma_ratio_5_20,0.23829634814738274,0.2527854179602762,0.19603713502732564,0.0046357715254172,0.1161039931371807,0.04477320242095065,-0.09675431412588759,0.028463738935395957,VOL_DEPENDENT,波动率依赖,Volatility-dependent
qvol_zscore_20h,-0.053989052226205016,-0.04265652873159887,0.09300981818850852,0.0018821060279983093,0.04226228284703266,-0.03517864164316209,-0.010117544618339969,0.06218693670421904,REGIME_ROBUST,跨市场稳健,Regime-robust
qvol_zscore_48h,0.10817110925965101,0.09573609339387606,0.14175232633113846,0.004421509289803885,0.05586909801865607,0.015799194104949343,-0.007997825605821351,0.06756904741684688,REGIME_ROBUST,跨市场稳健,Regime-robust
range_1h,0.12212898110131185,0.17709873720674724,0.07832842843901304,0.006164855641325138,0.08852995056487806,0.08461092667300615,-0.14102600077935537,0.10108449736849401,BULL_DEPENDENT,牛市依赖,Bull-dependent
range_24h,0.1733154184044695,0.2862215251059658,0.08080426113928897,0.006705603701901507,0.11919181415650194,0.13087211526715214,-0.17951533323629393,0.08106399203090683,BULL_DEPENDENT,牛市依赖,Bull-dependent
range_4h,0.06486042700095901,0.09542660099237985,0.07522747803432579,0.006044658061966536,0.08452551278112977,0.04622007459125334,-0.1400398287685954,0.06858658479806988,VOL_DEPENDENT,波动率依赖,Volatility-dependent
range_breakout_vol_confirm_20h,-0.277319807306009,-0.7593119465392977,0.15518788714347198,0.00849636962020235,0.22811933374986307,-0.083146127422384,0.04541932076622583,-0.0887690304978336,BTC_BETA_SENSITIVE,BTC高Beta敏感,High BTC beta sensitivity
realized_kurt_20h,0.16076453481756453,0.10943062807397301,-0.2005580062719488,-0.00565601244854591,-0.3263316260032429,0.04977377426420494,-0.06147470959976277,0.019323617048180905,VOL_DEPENDENT,波动率依赖,Volatility-dependent
realized_skew_20h,-0.02369617792182893,-0.019547033125248914,0.18358904281418795,0.006385286844598356,0.12070332224478776,0.03719031504124336,-0.030937921927727742,0.03945154010418176,REGIME_ROBUST,跨市场稳健,Regime-robust
rev_10h,0.060135229759770814,0.05958693100837283,-0.033105086456018944,-0.0012370977889395226,0.0955754480060075,-0.018811407637763095,0.09994090602317462,0.0047492273741026325,VOL_DEPENDENT,波动率依赖,Volatility-dependent
rev_1h,-0.04008792991814117,-0.044993785907018885,-0.008356692090934408,-0.00013186004632863364,0.02087447778481778,0.01694192217767998,-0.0028624478439654433,-0.030848528281998577,REGIME_ROBUST,跨市场稳健,Regime-robust
rev_24h,-0.029658303497144906,-0.02240186780101043,-0.0654517959877321,-0.003278359137416674,0.1704658091703889,-0.02735524917781254,0.08192062434930718,0.0410736846724066,VOL_DEPENDENT,波动率依赖,Volatility-dependent
rev_2h,-0.004242892545616888,-0.006155131579147299,-0.037087805368770814,-0.0007735682287532936,0.07070014859754298,0.020130222778182605,-0.0033422349001624996,0.0018685536998975238,REGIME_ROBUST,跨市场稳健,Regime-robust
rev_3h,0.03000723529803199,0.04609462403569812,-0.01579913178492975,-0.00037822686287231104,0.054625482625927785,0.003757112774384286,0.006103750870335517,-0.03278561155251669,REGIME_ROBUST,跨市场稳健,Regime-robust
rev_72h,0.0011314466490729641,0.0011916229556418482,-0.11367259556805964,-0.007643739824972603,0.08913997382597481,0.01307978636764863,0.05435803738819734,-0.056244126272419696,DRAWDOWN_FRAGILE,回撤脆弱,Fragile during drawdowns
reversal_5h,0.097660122533874,0.1204373868456556,-0.005545502610045919,-0.00015925265873791415,0.05672260239173143,0.03638513393009843,0.007932056087365469,-0.02500385505949418,REGIME_ROBUST,跨市场稳健,Regime-robust
rsi_14h,-0.06304520645630148,-0.07497499812933156,-0.06239153875251532,-0.0031977469343889087,-0.06172103600469586,-0.04322750286686295,0.00039121904421407505,0.04813152326844745,REGIME_ROBUST,跨市场稳健,Regime-robust
rsi_28h,-0.06744324189429422,-0.0856056767975367,-0.07256067563133016,-0.0044052834829808535,-0.04935190177986464,-0.04132658693059003,-0.03643363668974765,0.037791542292792475,REGIME_ROBUST,跨市场稳健,Regime-robust
rsi_7h,-0.10808535717943579,-0.12321886677322542,-0.04012716424260397,-0.0016651090539019106,-0.03663524022739435,-0.04559120270177541,-0.028951150731759023,0.049255462162229896,REGIME_ROBUST,跨市场稳健,Regime-robust
taker_buy_delta_5h,-0.24080297168866135,-0.22477875607152414,-0.06222628134872423,-0.004049301588425981,-0.15159512523140678,-0.03268908099462353,-0.014819301639696913,0.07422530523358317,REGIME_ROBUST,跨市场稳健,Regime-robust
taker_buy_ratio_20h,-0.14637357134613993,-0.0991318069420036,-0.07244543485039061,-0.006849982674640625,-0.1246387866654131,-0.07093185091111108,0.020830280861733254,0.041541319302908525,BEAR_DEPENDENT,熊市依赖,Bear-dependent
taker_buy_zscore_20h,-0.13774781240106862,-0.12894354961012053,0.07579734426224564,0.001157526569297401,-0.09804194252445475,-0.011448692539831551,-0.037217823896029345,0.043187872637255764,REGIME_ROBUST,跨市场稳健,Regime-robust
tech_atr,-0.3394696855709464,-0.2512787143066084,-0.19522356799370222,-0.009183289827917544,-0.0513121033783169,-0.054705223869346,-0.030116272999733122,-0.028952876255163816,BEAR_DEPENDENT,熊市依赖,Bear-dependent
tech_macd,-0.2127178313411455,-0.19852995739406565,-0.1148262652935666,-0.003893220498313361,-0.19648260185916358,-0.029404420014204576,0.03728954282907627,0.04539804561483771,REGIME_ROBUST,跨市场稳健,Regime-robust
trend_efficiency_24h,0.2784302370554222,0.2737065833227713,0.19085345039125462,0.005877004184153107,0.22362652661187846,0.043998223362811256,-0.06554245633784159,0.0035035380363585555,VOL_DEPENDENT,波动率依赖,Volatility-dependent
up_down_vol_ratio_20h,-0.2605470214806112,-0.2532926469047896,0.011179183326343359,0.00043907543746211095,-0.0878240237943245,-0.10143921261377634,-0.014497834074477745,0.04645628613752215,BEAR_DEPENDENT,熊市依赖,Bear-dependent
vol_40h,0.0523903386844622,0.09042232150666253,-0.03627610878660845,-0.003104748612904373,0.09104748678843105,0.09457158064856702,-0.15042796330498695,0.08775681494738269,BULL_DEPENDENT,牛市依赖,Bull-dependent
vol_5h,0.13750322708436719,0.1964288174310624,-0.11271479556895161,-0.007743201250422589,0.11969573578970145,0.09713934020382628,-0.14573957933528478,0.059905842646400656,BULL_DEPENDENT,牛市依赖,Bull-dependent
vol_of_vol_20h,0.0031638911094090125,0.004663689013344971,-0.01961389169093317,-0.0014518687594086237,0.027723272011183093,0.04476713352703459,-0.11384449790746635,0.09868200951913844,VOL_DEPENDENT,波动率依赖,Volatility-dependent
vol_ratio_20_80,0.06729636253399045,0.06357599040144231,0.1818230309682054,0.006126529527074947,0.09498416351628491,0.03222541032939606,-0.06163328594821565,0.11151647419414928,VOL_DEPENDENT,波动率依赖,Volatility-dependent
vol_ratio_5_20,-0.04116480355208793,-0.039026072170330606,0.00993258980489972,0.000156292470067103,0.11332552797900144,-0.019103731129974016,-0.023877988102032344,-0.012165108892366688,REGIME_ROBUST,跨市场稳健,Regime-robust
vol_ret_corr_20h,0.030717433109158154,0.0269156389619423,0.09626870241883807,0.0032007332603907496,-0.13435402703169136,0.008817743279647565,-0.011118354310069738,0.018480440660439114,REGIME_ROBUST,跨市场稳健,Regime-robust
vol_zscore_20h,-0.12503751732974475,-0.09836426313237705,0.07658602551171939,0.0015057149527155725,0.04554390140324303,-0.06076512340082019,0.0026160635113972597,0.059563189132437744,BEAR_DEPENDENT,熊市依赖,Bear-dependent
vol_zscore_48h,0.05072446186035175,0.04281888793056804,0.121003123900972,0.0036750103377917944,0.07554259670177108,0.004000710858571732,-0.012282798770549441,0.07443443173600162,REGIME_ROBUST,跨市场稳健,Regime-robust
volatility_20h,0.09631127884723675,0.16414982181334473,-0.06597448516046597,-0.005412910154369903,0.07876855111803611,0.10990894569565053,-0.17315655324884624,0.09584083760755996,BULL_DEPENDENT,牛市依赖,Bull-dependent
volume_pressure_20h,0.0640794808961492,0.06620585394078066,0.149461781153694,0.005643888136579516,-0.0642387956715198,0.017157053655529154,-0.08837900230083873,-0.001111096890404735,VOL_DEPENDENT,波动率依赖,Volatility-dependent
vwap_dev_20h,-0.09086062666149565,-0.10341728291274147,0.0320069086580177,0.001307368247723498,-0.10605433341030907,-0.01488575079260046,-0.036588237218216024,0.07948175861820972,REGIME_ROBUST,跨市场稳健,Regime-robust
williams_r_14h,0.05014134602545652,0.049862768236755485,-0.0430889122388518,-0.0013622528030721396,0.08326422670703248,0.043506480574291184,-0.007131980279690281,-0.058865865093175734,DRAWDOWN_FRAGILE,回撤脆弱,Fragile during drawdowns
wq101_alpha1,-0.11057029397584064,-0.08036153279336687,0.06921138827473966,0.0015838450049460231,0.031756830834474635,0.0014442053042419967,0.00033884393941113755,-0.049627340257289376,REGIME_ROBUST,跨市场稳健,Regime-robust
wq101_alpha10,-0.13439872550250978,-0.11894535570901395,0.2414839478291614,0.0016494557432610384,0.02227171557827908,-0.007950823663741502,0.02974334431443776,-0.018761424840739338,REGIME_ROBUST,跨市场稳健,Regime-robust
wq101_alpha101,-0.24329997346226392,-0.20869203742597942,-0.06317455973511539,-0.0008321785509834601,-0.03298894608418128,-0.09084010008984872,0.05738228799068967,0.08497651517898908,BEAR_DEPENDENT,熊市依赖,Bear-dependent
wq101_alpha11,-0.024329632834563897,-0.021261929037314522,-0.055773385618480754,-0.0006686652001627705,0.023914193510773275,0.025563951065062707,0.018749300737803065,0.03345446192763896,REGIME_ROBUST,跨市场稳健,Regime-robust
wq101_alpha12,-0.1437090650341618,-0.08334088369275867,0.14662893994273976,0.001353218358107961,0.01209675170228653,-0.048093498448928795,0.027970539324859045,-0.017269689428712764,REGIME_ROBUST,跨市场稳健,Regime-robust
wq101_alpha13,-0.033291484625054234,-0.026994931357455225,-0.08424798544380442,-0.0016423074916852088,-0.06614678578194859,-0.031713257567852704,0.04466692087320279,0.06705248882530096,REGIME_ROBUST,跨市场稳健,Regime-robust
wq101_alpha14,0.13141148677341402,0.07146117252057683,-0.03569446285517016,-0.0007973817579991858,-0.07917024164792777,0.028141689728503394,0.008579830406869438,0.040280733256804646,REGIME_ROBUST,跨市场稳健,Regime-robust
wq101_alpha15,0.3226620593702751,0.18221134314305423,0.15523787975337536,0.004409025844091921,0.384017129114885,0.039300254280483435,0.011986892938490132,0.0003816939816174425,REGIME_ROBUST,跨市场稳健,Regime-robust
wq101_alpha16,0.06779266888061733,0.05709448441280411,0.03357846686942133,0.0010200784336981468,0.05583342142241136,-0.02387045081624653,0.029885687558363516,0.062305182584978275,REGIME_ROBUST,跨市场稳健,Regime-robust
wq101_alpha17,0.06544363817655532,0.04851774915846127,-0.21941063989820653,-0.0032269661948510727,-0.12351598300063618,0.00048206743528733664,-0.026234903367015006,-0.025797860279362317,REGIME_ROBUST,跨市场稳健,Regime-robust
wq101_alpha18,0.08652700318368238,0.06961696586680963,0.0010554702253202518,2.3482421552501124e-05,-0.057372439395378075,0.05029357569315482,0.06503700885177544,0.014838832800266266,BULL_DEPENDENT,牛市依赖,Bull-dependent
wq101_alpha19,0.03914414083058137,0.030006766972116163,0.1402680322871011,0.004680528412660787,0.28737598389260055,-0.027192584759368393,0.012450697940515953,0.0015662047830153625,REGIME_ROBUST,跨市场稳健,Regime-robust
wq101_alpha2,-0.29760661020066176,-0.16514477945598202,-0.12152003243827138,-0.001570455861060459,-0.17085724164384572,-0.061045418070096086,0.04463678194681217,0.008716189967783755,BEAR_DEPENDENT,熊市依赖,Bear-dependent
wq101_alpha20,-0.39987549167647607,-0.21481619039391017,-0.2579235532638503,-0.006889196120450309,-0.2511236627791911,-0.02478103638015422,0.009958049174963846,0.007517106012284003,REGIME_ROBUST,跨市场稳健,Regime-robust
wq101_alpha21,0.05490462934541076,0.04335227304330467,0.1495700987385474,0.0017632805573738882,0.05317162317268825,0.012810831245642751,-0.03482434829505546,0.018144193788514285,REGIME_ROBUST,跨市场稳健,Regime-robust
wq101_alpha22,-0.09082960043628854,-0.0583636109773994,0.2610944019022537,0.0011069402312697339,-0.13618281620929343,-0.03128386072274414,0.028323536851040415,0.03677573255853209,REGIME_ROBUST,跨市场稳健,Regime-robust
wq101_alpha23,0.1473863361223585,0.11055967993825773,0.15887285420073663,0.002492245677277216,0.11683777102930876,0.015199263033288224,0.021962291371054377,-0.0021195038364866248,REGIME_ROBUST,跨市场稳健,Regime-robust
wq101_alpha24,0.2822080318228323,0.2038828884276057,0.16280508239935818,0.006070948533496706,0.12171985876931533,0.025100918496548802,-0.028989169284064933,0.012768938255519585,REGIME_ROBUST,跨市场稳健,Regime-robust
wq101_alpha25,-0.0700947910985508,-0.06536156974921312,0.101785595556067,0.0014896058478455982,0.1141791387569908,0.009869025503070838,0.027790534879090778,-0.034839135968981416,REGIME_ROBUST,跨市场稳健,Regime-robust
wq101_alpha26,-0.050924999035168936,-0.02713292446976232,0.0632883695413492,0.0018333573648111274,0.04530700351189779,-0.01851542760155042,0.04162021125330692,0.006749153786717199,REGIME_ROBUST,跨市场稳健,Regime-robust
wq101_alpha27,0.02848595941827603,0.028684641877326833,-0.03077437026973765,-0.0017577445703626069,-0.01888018641600357,0.0025612282709267242,0.0596835952768644,0.02391644440344312,VOL_DEPENDENT,波动率依赖,Volatility-dependent
wq101_alpha28,-0.0012031595548983958,-0.0010902526162354675,0.12113941687150451,0.0017321891479286913,0.0789368686413473,0.027000720695065483,-0.034946287031913326,0.004470466780849808,REGIME_ROBUST,跨市场稳健,Regime-robust
wq101_alpha29,0.2403923350003346,0.15746808309686167,0.24251471600569968,0.006998468040755769,0.3296105972219116,0.05703329430749954,0.002972724227891299,-0.05766105334750021,DRAWDOWN_FRAGILE,回撤脆弱,Fragile during drawdowns
wq101_alpha3,-0.3831810642712793,-0.2722310834656968,-0.20657767684281472,-0.0029460582113365694,-0.29528034593877905,-0.08517974082486063,0.056140844348360086,0.13483359502427078,BEAR_DEPENDENT,熊市依赖,Bear-dependent
wq101_alpha30,0.1321922757160684,0.1315804131374807,0.18949187665491563,0.003100425654945431,0.11172854021478507,0.0516279076420838,0.0023317337082014167,-0.03396712743208041,BULL_DEPENDENT,牛市依赖,Bull-dependent
wq101_alpha31,0.15723303233034525,0.10817803013004712,0.06767679594907344,0.0010072491420900587,0.03276590858113868,0.0449979182765296,-0.02490307198174746,-0.022848812577725586,REGIME_ROBUST,跨市场稳健,Regime-robust
wq101_alpha32,0.27505669073368916,0.23519325310182576,0.1591492121777916,0.007884431318076765,0.12751091017561897,0.012849977642035004,-0.020411654009891787,0.013366010818115788,REGIME_ROBUST,跨市场稳健,Regime-robust
wq101_alpha33,-0.03112353558738959,-0.034927402477223285,-0.010099142755894745,-0.0001553172246637881,0.0157674126549579,0.014881456205693755,-0.004207137559109342,-0.023349490420894625,REGIME_ROBUST,跨市场稳健,Regime-robust
wq101_alpha34,-0.2999536127397207,-0.2090707326046322,0.03144695487281274,0.0003020687571137659,0.0022446940039431013,-0.03603581177484089,0.030066147085252293,-0.007204268521015744,REGIME_ROBUST,跨市场稳健,Regime-robust
wq101_alpha35,-0.02225587354344391,-0.018314709677751725,0.08912969868560104,0.002068657176647013,-0.013278944935204743,0.010522349623501404,0.002022879909719111,-0.0020482160897978274,REGIME_ROBUST,跨市场稳健,Regime-robust
wq101_alpha36,-0.1879695364278645,-0.102900378129841,0.04312997272241243,0.0009690250630005612,0.03441074490772479,-0.006765425984072149,0.0076921236460527065,-0.01342860422738859,REGIME_ROBUST,跨市场稳健,Regime-robust
wq101_alpha37,-0.06315297215935906,-0.046807662244443216,-0.004564309216672029,-0.00016036151994613785,0.038285563463059405,-0.02905089658724419,0.03256406520670074,-0.016872161225975957,REGIME_ROBUST,跨市场稳健,Regime-robust
wq101_alpha38,-0.01028264991680142,-0.011325823330926235,-0.07060609752470673,-0.0014425618486511827,-0.017370500813366715,0.018349781999494996,-0.012333855501864277,-0.03414020554494657,REGIME_ROBUST,跨市场稳健,Regime-robust
wq101_alpha39,-0.07942609839000572,-0.06508133062223892,0.07944055898015942,0.0026165419984788543,0.18091439085355557,-0.01444574255991768,-0.007815336957021718,-0.07345126345559985,DRAWDOWN_FRAGILE,回撤脆弱,Fragile during drawdowns
wq101_alpha4,0.2247116727161648,0.16189705556532274,-0.006258958833431793,-0.0001533309346569569,0.03845850300816848,0.02926763097610105,0.05445061844501417,-0.032317543194759185,VOL_DEPENDENT,波动率依赖,Volatility-dependent
wq101_alpha40,0.1109752717592597,0.0759060310493578,0.1283532323375169,0.00468249779698203,0.06866983282647558,-0.005733688675309295,0.016882386144079164,0.05917999766808735,REGIME_ROBUST,跨市场稳健,Regime-robust
wq101_alpha41,-0.3010509522745225,-0.2578401499573929,-0.2246634683954456,-0.0018978098619707206,-0.33098909492607187,-0.057769543453265904,0.02816552798530364,0.06320096420531529,BEAR_DEPENDENT,熊市依赖,Bear-dependent
wq101_alpha42,0.27642066373538215,0.1945544999628491,0.25067778588884904,0.009000002455197784,0.08758448203147452,0.0811914510199164,-0.0470950875451939,0.014867522456604193,BULL_DEPENDENT,牛市依赖,Bull-dependent
wq101_alpha43,-0.31506759278639823,-0.21705304166224856,-0.13113288928666764,-0.001466826671185588,-0.223303489815795,-0.0670938858774478,-0.010166349087703308,0.00355065742618349,BEAR_DEPENDENT,熊市依赖,Bear-dependent
wq101_alpha44,-0.35242594713731273,-0.24410975187181988,-0.015604231408247748,-0.0003109462196858285,0.021296548319617848,-0.0980050258187983,0.05451484594535888,0.0648353887307686,BEAR_DEPENDENT,熊市依赖,Bear-dependent
wq101_alpha45,-0.11968817180418621,-0.060395360359175025,0.212676253500974,0.0018546959681653111,0.06888614673915591,-0.053172303725253,0.03547623398816324,0.008473762254909756,BEAR_DEPENDENT,熊市依赖,Bear-dependent
wq101_alpha46,0.19413155548543912,0.17204886416554233,0.2570746351538415,0.0036439448229168667,0.12626964446161848,0.010651246842663331,0.07138103769307852,-0.003501209074902145,VOL_DEPENDENT,波动率依赖,Volatility-dependent
wq101_alpha47,-0.03576210526473835,-0.025488205154815893,0.2890707855036259,0.006070498072933605,0.22427906235450495,0.0030067393550130828,-0.04450709640123182,-0.011722872860309153,REGIME_ROBUST,跨市场稳健,Regime-robust
wq101_alpha49,-0.020409062301407654,-0.019095299024268705,-0.038732896243023625,-0.000614485023609177,-0.020068612327838447,0.013024660466408766,0.025110057594683932,-0.04817557226302294,REGIME_ROBUST,跨市场稳健,Regime-robust
wq101_alpha5,-0.08607693911621005,-0.07149570875771098,-0.13986512342439056,-0.00308063477209457,-0.07899285032502348,0.01642458299614641,-0.07665354565079963,0.0009849621177276946,VOL_DEPENDENT,波动率依赖,Volatility-dependent
wq101_alpha50,0.05473277975986477,0.04046471281151576,-0.0031662775960787856,-8.855022678408932e-05,0.04256056589753172,-0.017265862131344817,0.01071040314920893,0.04879830015071067,REGIME_ROBUST,跨市场稳健,Regime-robust
wq101_alpha51,-0.016728328094246406,-0.01594098399715771,-0.0771426008393569,-0.0012431642829767728,-0.015963090078209327,0.016675475971136167,0.018141598172202733,-0.04942922917505005,REGIME_ROBUST,跨市场稳健,Regime-robust
wq101_alpha52,-0.05140334440807387,-0.0362026000975251,0.18904807910990704,0.005359887177819045,0.3105042583879724,-0.012418902111362873,0.03054712963318934,-0.030983293608326024,REGIME_ROBUST,跨市场稳健,Regime-robust
wq101_alpha53,-0.14815808686075202,-0.11499443608300025,-0.11588259354319928,-0.0005052864533286859,0.026202532122275614,-0.0020798223604335253,-0.056608605816918234,0.006546095769997373,VOL_DEPENDENT,波动率依赖,Volatility-dependent
wq101_alpha54,-0.14439963411746046,-0.15233336873792858,0.08582410693358469,0.001032494601579974,-0.03493210509132426,0.016185971879524585,-0.11323001594620674,0.025387378441126485,VOL_DEPENDENT,波动率依赖,Volatility-dependent
wq101_alpha55,-0.08001818504869299,-0.04503949295967891,-0.1811590949845379,-0.002541676862948071,-0.13039866335467054,-0.03723840789721747,-0.00043261507170230806,0.018344873861631777,REGIME_ROBUST,跨市场稳健,Regime-robust
wq101_alpha57,0.006081702171981753,0.005295039465443151,0.18451453866786902,0.0018859727381203468,0.060617414930063444,0.01865359890672258,-0.059561759996770325,0.03556812716686131,VOL_DEPENDENT,波动率依赖,Volatility-dependent
wq101_alpha6,-0.12337795249580696,-0.07826177053740789,-0.06721694651484368,-0.001915490947573637,-0.1579242129339695,-0.006564846241009253,0.0027882728820429192,0.007070686817902988,REGIME_ROBUST,跨市场稳健,Regime-robust
wq101_alpha60,-0.17746442280079056,-0.1298448211544855,-0.007633769861835616,-0.00015148109968520033,0.021845585015788774,-0.008412710228237419,-0.043140360256471166,0.015977917108738193,REGIME_ROBUST,跨市场稳健,Regime-robust
wq101_alpha61,0.5445846098529101,0.3271366648823273,0.31661631595975875,0.011414567539514158,0.06885198799508391,0.057211428212936316,-0.013315272450675097,0.004022693412704642,BULL_DEPENDENT,牛市依赖,Bull-dependent
wq101_alpha62,0.148177617184248,0.08148972759932742,0.1644361448616285,0.004949529407078105,0.12232209660460931,0.014058570395672418,0.03267939540727845,-0.04704350067166892,REGIME_ROBUST,跨市场稳健,Regime-robust
wq101_alpha64,0.15953744347727183,0.10641866114648646,0.2408334613503682,0.006731657301191189,0.19955421548150154,0.026837344641202382,0.012751802922945144,-0.04639865704944521,REGIME_ROBUST,跨市场稳健,Regime-robust
wq101_alpha65,0.5128961400475296,0.32155921709151386,0.3221676281633078,0.01044619171976686,0.1625529562801514,0.07109817827998885,-0.04036540602360929,-0.012585650783064534,BULL_DEPENDENT,牛市依赖,Bull-dependent
wq101_alpha66,-0.1390781568694295,-0.10988678298831765,0.14637949836114908,0.0031481715280578626,0.12095348338197025,-0.05318098919105055,0.02204566485161852,-0.03834945054048752,BEAR_DEPENDENT,熊市依赖,Bear-dependent
wq101_alpha68,-0.13072848678973778,-0.133081084923163,0.1034820791557065,0.0064383878091758395,0.39893925426028687,-0.02432452722161943,-0.059027834275283964,-0.03192777935447266,VOL_DEPENDENT,波动率依赖,Volatility-dependent
wq101_alpha7,0.0003446251502491948,0.0002283236220571891,0.06032515284737031,0.001397712161893695,-0.05261800481426537,0.023568160006512462,-0.021051109667929557,0.03164294650905092,REGIME_ROBUST,跨市场稳健,Regime-robust
wq101_alpha71,-0.26818309413755037,-0.1371529346166273,0.12477274871804624,0.002049322029779759,-0.029963217473550942,-0.04299203480659958,0.03280121392349253,0.02366307348446356,REGIME_ROBUST,跨市场稳健,Regime-robust
wq101_alpha72,0.24726708607635325,0.17609617638789857,0.24912098521153095,0.0036578899423095447,0.3737467986947739,0.015518169434066476,0.004984240059458495,0.05311257474492462,REGIME_ROBUST,跨市场稳健,Regime-robust
wq101_alpha74,0.030274553447445153,0.024268559551103273,0.19563969204358267,0.008322716764196774,0.13857539152554696,0.017255223829969746,-0.020718553003971768,0.1068793288196184,REGIME_ROBUST,跨市场稳健,Regime-robust
wq101_alpha75,-0.21721635910644368,-0.1305549497106675,0.11324209491736027,0.0037003140765724703,0.02576258321592839,-0.018009297200887342,0.003669827291060912,0.06255679043934842,REGIME_ROBUST,跨市场稳健,Regime-robust
wq101_alpha77,0.14095336343541484,0.1099344900478407,0.33625401629416996,0.006083512925653129,0.1680533138053696,0.043587887769718905,-0.04673949166457231,0.07982605954392917,REGIME_ROBUST,跨市场稳健,Regime-robust
wq101_alpha78,-0.275129589884547,-0.1856513893470949,0.1138107106731498,0.0025793815135916687,0.05411660085544278,-0.050833064443138065,-0.0016109949955784852,0.044903969764897994,BEAR_DEPENDENT,熊市依赖,Bear-dependent
wq101_alpha8,-0.10933865308538698,-0.1005105730008225,0.0012698678035120946,1.3426379665092256e-05,-0.16886899995248397,-0.07443909307660793,0.005798922221432551,0.05174258190260145,BEAR_DEPENDENT,熊市依赖,Bear-dependent
wq101_alpha83,-0.07016231443881943,-0.056036203875788226,0.24398846540587274,0.0024025237381602987,0.09769084058978934,0.011152144344661608,-0.07407703800940363,0.02506665188008922,VOL_DEPENDENT,波动率依赖,Volatility-dependent
wq101_alpha85,-0.004525195089567955,-0.0036780165508461856,-0.0664390802028395,-0.0012287910867129128,-0.061979299525081764,0.015372766526172199,-0.0375912728151403,0.022662499025732474,REGIME_ROBUST,跨市场稳健,Regime-robust
wq101_alpha86,0.17790465503670622,0.12309256419387611,0.1224595181746446,0.0027413201870804017,-0.0579833311195395,0.018092401369737277,-0.010761446426044707,0.019308597485180934,REGIME_ROBUST,跨市场稳健,Regime-robust
wq101_alpha88,-0.41681091704490175,-0.3976893166328598,0.024272606394591723,0.0012031800106833347,-0.18974211530258525,-0.09936849094457659,0.03860459391598822,0.004841941628792423,BEAR_DEPENDENT,熊市依赖,Bear-dependent
wq101_alpha9,-0.11529004755754178,-0.09789755060297951,0.2877184516379089,0.00245564565761118,0.043410034483485,-0.006790807429718715,0.03404825212869422,-0.017285890555898742,REGIME_ROBUST,跨市场稳健,Regime-robust
wq101_alpha92,-0.05521855172789174,-0.08191886167272083,0.17165815671391768,0.009800471536556199,0.10135002832910223,-0.0535270207771503,0.019833747118210288,-0.08757456399975272,DRAWDOWN_FRAGILE,回撤脆弱,Fragile during drawdowns
wq101_alpha94,0.10156719643496635,0.05445781523272055,0.2963496476534564,0.009800233287568074,0.06997728086789286,0.0047348625396215205,0.0038993515127761225,-0.0018060284935277615,REGIME_ROBUST,跨市场稳健,Regime-robust
wq101_alpha95,0.10366543328881576,0.05255492021016641,0.20960378889251494,0.00621752184158958,0.14064780626975534,0.007573059169716401,-0.017419108332431904,0.00018743521512384897,REGIME_ROBUST,跨市场稳健,Regime-robust
wq101_alpha99,0.42891228693214967,0.25800543918255675,0.16869084420384456,0.004079140148057807,0.23821287519665219,0.03490233547603633,-0.008749165355768085,-0.0005205871965052455,REGIME_ROBUST,跨市场稳健,Regime-robust
wvma_20h,0.11235910336907741,0.17525637332470242,-0.048800119824814296,-0.0033586780778133776,-0.008903073866978466,0.09830947210720996,-0.1308048808676034,0.08304492246714881,BULL_DEPENDENT,牛市依赖,Bull-dependent
xs_rank_mom_accel,0.08522456308261649,0.09416474927344326,-0.030143410143349588,-0.0005117331022443243,0.08860696047449852,0.022449131585423387,-0.01564325354344806,0.08234790952952256,REGIME_ROBUST,跨市场稳健,Regime-robust
xs_rank_ret_1h,-0.14332432380214427,-0.140059960375225,0.00183476586346799,2.87712525330554e-05,-0.02087447778481778,-0.060139008284614326,0.04411922805452578,0.10796749039514186,BEAR_DEPENDENT,熊市依赖,Bear-dependent
xs_rank_vol,0.5330789174270459,0.465301998416751,0.3849679426635491,0.015076896093396176,0.12100114413821371,0.11146747965829257,-0.08028576996317371,-0.0034299289971990114,BULL_DEPENDENT,牛市依赖,Bull-dependent
