factor_id,cluster_id,cluster_size,family,quality_score,scorecard_class,redundancy_score_to_representative,nearest_redundant_factor,novelty_score,member_role,interpretation_notes_zh,interpretation_notes_en,paper_net_return_10bps,cost_sensitivity_class,regime_dependency_class,capacity_liquidity_class,quantile_shape_class,stability_class,decile_shape_class
rev_1h,0,4,reversal,75.87,STRONG_RESEARCH_CANDIDATE,0.0,intraday_ret,0.005068,CLUSTER_REPRESENTATIVE,该簇的质量最高因子，作为簇代表,Highest quality factor in cluster — serves as cluster representative,0.001443,COST_COLLAPSED,REGIME_ROBUST,WATCH_LIQUIDITY,WEAK_MONOTONIC,STABLE_POSITIVE,NONLINEAR_MIXED
mom_20h,4,16,momentum,71.5,PROMISING_BUT_INCONSISTENT,0.0,mom_vol_adjusted_20h,0.033134,CLUSTER_REPRESENTATIVE,该簇的质量最高因子，作为簇代表,Highest quality factor in cluster — serves as cluster representative,0.006778,COST_COLLAPSED,VOL_DEPENDENT,WATCH_LIQUIDITY,WEAK_MONOTONIC,STABLE_WEAK,DECILE_MONOTONIC_WEAK
downside_vol_20h,8,3,realized_skew_kurtosis,70.06,STRONG_RESEARCH_CANDIDATE,0.0,volatility_20h,0.130465,CLUSTER_REPRESENTATIVE,该簇的质量最高因子，作为簇代表,Highest quality factor in cluster — serves as cluster representative,-0.042467,COST_COLLAPSED,BULL_DEPENDENT,WATCH_LIQUIDITY,NO_CLEAR_SHAPE,STABLE_WEAK,NONLINEAR_MIXED
q158_high_low_range,9,2,alpha158,69.36,PROMISING_BUT_INCONSISTENT,0.0,range_1h,0.0,CLUSTER_REPRESENTATIVE,该簇的质量最高因子，作为簇代表,Highest quality factor in cluster — serves as cluster representative,0.066032,COST_COLLAPSED,BULL_DEPENDENT,WATCH_LIQUIDITY,NO_CLEAR_SHAPE,STABLE_WEAK,NONLINEAR_MIXED
mom_40h,12,4,momentum,67.46,PROMISING_BUT_INCONSISTENT,0.0,rsi_28h,0.140631,CLUSTER_REPRESENTATIVE,该簇的质量最高因子，作为簇代表,Highest quality factor in cluster — serves as cluster representative,0.018744,COST_COLLAPSED,BEAR_DEPENDENT,WATCH_LIQUIDITY,NO_CLEAR_SHAPE,STABLE_WEAK,NONLINEAR_MIXED
price_volume_corr_20h,14,2,volume_price,67.05,PROMISING_BUT_INCONSISTENT,0.0,vol_ret_corr_20h,0.057745,CLUSTER_REPRESENTATIVE,该簇的质量最高因子，作为簇代表,Highest quality factor in cluster — serves as cluster representative,0.015105,COST_COLLAPSED,REGIME_ROBUST,WATCH_LIQUIDITY,WEAK_MONOTONIC,STABLE_WEAK,NONLINEAR_MIXED
rev_72h,15,3,reversal,65.41,PROMISING_BUT_INCONSISTENT,0.0,mom_72h,0.0,CLUSTER_REPRESENTATIVE,该簇的质量最高因子，作为簇代表,Highest quality factor in cluster — serves as cluster representative,-0.013773,INSUFFICIENT_DATA,DRAWDOWN_FRAGILE,WATCH_LIQUIDITY,NO_CLEAR_SHAPE,STABLE_POSITIVE,NONLINEAR_MIXED
qvol_zscore_48h,26,2,quote_volume_liquidity,58.39,PROMISING_BUT_INCONSISTENT,0.0,vol_zscore_48h,0.002567,CLUSTER_REPRESENTATIVE,该簇的质量最高因子，作为簇代表,Highest quality factor in cluster — serves as cluster representative,0.002508,COST_COLLAPSED,REGIME_ROBUST,WATCH_LIQUIDITY,WEAK_MONOTONIC,STABLE_WEAK,NONLINEAR_MIXED
qvol_zscore_20h,32,3,quote_volume_liquidity,54.89,PROMISING_BUT_INCONSISTENT,0.0,vol_zscore_20h,0.001262,CLUSTER_REPRESENTATIVE,该簇的质量最高因子，作为簇代表,Highest quality factor in cluster — serves as cluster representative,0.002029,COST_COLLAPSED,REGIME_ROBUST,WATCH_LIQUIDITY,NO_CLEAR_SHAPE,STABLE_WEAK,NONLINEAR_MIXED
