factor_name,category,expected_direction,horizon,period,raw_mean_rank_ic,direction_adjusted_mean_rank_ic,raw_rank_ic_std,direction_adjusted_rank_ic_std,raw_icir,direction_adjusted_icir,icir,ic_win_rate_raw,ic_win_rate_adjusted,n_periods,status
taker_buy_ratio_20h,taker_imbalance,positive,1h,2024-06,0.00087627,0.00087627,0.12323249,0.12323249,0.007111,0.007111,0.007111,0.4929,0.4929,700,COMPUTED
taker_buy_ratio_20h,taker_imbalance,positive,1h,2024-07,0.00595614,0.00595614,0.12011719,0.12011719,0.049586,0.049586,0.049586,0.5269,0.5269,744,COMPUTED
taker_buy_ratio_20h,taker_imbalance,positive,1h,2024-08,-0.00600642,-0.00600642,0.11797432,0.11797432,-0.050913,-0.050913,-0.050913,0.4919,0.4919,744,COMPUTED
taker_buy_ratio_20h,taker_imbalance,positive,1h,2024-09,-0.01340597,-0.01340597,0.10823483,0.10823483,-0.12386,-0.12386,-0.12386,0.4528,0.4528,720,COMPUTED
taker_buy_ratio_20h,taker_imbalance,positive,1h,2024-10,-0.0118485,-0.0118485,0.1069629,0.1069629,-0.110772,-0.110772,-0.110772,0.4564,0.4564,723,COMPUTED
taker_buy_ratio_20h,taker_imbalance,positive,1h,2024-11,-0.01213278,-0.01213278,0.11356985,0.11356985,-0.106831,-0.106831,-0.106831,0.4694,0.4694,720,COMPUTED
taker_buy_ratio_20h,taker_imbalance,positive,1h,2024-12,-0.00486669,-0.00486669,0.11706208,0.11706208,-0.041574,-0.041574,-0.041574,0.4906,0.4906,744,COMPUTED
taker_buy_ratio_20h,taker_imbalance,positive,1h,2025-01,-0.00924021,-0.00924021,0.10971724,0.10971724,-0.084218,-0.084218,-0.084218,0.4664,0.4664,744,COMPUTED
taker_buy_ratio_20h,taker_imbalance,positive,1h,2025-02,-0.00356184,-0.00356184,0.10955685,0.10955685,-0.032511,-0.032511,-0.032511,0.4911,0.4911,672,COMPUTED
taker_buy_ratio_20h,taker_imbalance,positive,1h,2025-03,-0.00799108,-0.00799108,0.10240102,0.10240102,-0.078037,-0.078037,-0.078037,0.4785,0.4785,744,COMPUTED
taker_buy_ratio_20h,taker_imbalance,positive,1h,2025-04,-0.00374528,-0.00374528,0.08877371,0.08877371,-0.042189,-0.042189,-0.042189,0.5069,0.5069,720,COMPUTED
taker_buy_ratio_20h,taker_imbalance,positive,1h,2025-05,-0.0111516,-0.0111516,0.09490479,0.09490479,-0.117503,-0.117503,-0.117503,0.4583,0.4583,744,COMPUTED
taker_buy_ratio_20h,taker_imbalance,positive,1h,2025-06,-0.01158445,-0.01158445,0.094638,0.094638,-0.122408,-0.122408,-0.122408,0.4278,0.4278,720,COMPUTED
taker_buy_ratio_20h,taker_imbalance,positive,1h,2025-07,-0.00926893,-0.00926893,0.08596448,0.08596448,-0.107823,-0.107823,-0.107823,0.4516,0.4516,744,COMPUTED
taker_buy_ratio_20h,taker_imbalance,positive,1h,2025-08,0.00116212,0.00116212,0.08865681,0.08865681,0.013108,0.013108,0.013108,0.5108,0.5108,744,COMPUTED
taker_buy_ratio_20h,taker_imbalance,positive,1h,2025-09,-0.00274241,-0.00274241,0.08027289,0.08027289,-0.034164,-0.034164,-0.034164,0.4681,0.4681,720,COMPUTED
taker_buy_ratio_20h,taker_imbalance,positive,1h,2025-10,-0.00590119,-0.00590119,0.08130679,0.08130679,-0.072579,-0.072579,-0.072579,0.4637,0.4637,744,COMPUTED
taker_buy_ratio_20h,taker_imbalance,positive,1h,2025-11,-0.00025803,-0.00025803,0.07770294,0.07770294,-0.003321,-0.003321,-0.003321,0.5,0.5,720,COMPUTED
taker_buy_ratio_20h,taker_imbalance,positive,1h,2025-12,-0.00255768,-0.00255768,0.07425701,0.07425701,-0.034444,-0.034444,-0.034444,0.4785,0.4785,744,COMPUTED
taker_buy_ratio_20h,taker_imbalance,positive,1h,2026-01,-0.00112561,-0.00112561,0.07766833,0.07766833,-0.014493,-0.014493,-0.014493,0.5013,0.5013,744,COMPUTED
taker_buy_ratio_20h,taker_imbalance,positive,1h,2026-02,0.00645804,0.00645804,0.07668742,0.07668742,0.084213,0.084213,0.084213,0.5372,0.5372,672,COMPUTED
taker_buy_ratio_20h,taker_imbalance,positive,1h,2026-03,-0.00477255,-0.00477255,0.07498107,0.07498107,-0.06365,-0.06365,-0.06365,0.461,0.461,744,COMPUTED
taker_buy_ratio_20h,taker_imbalance,positive,1h,2026-04,-0.00606148,-0.00606148,0.07455025,0.07455025,-0.081307,-0.081307,-0.081307,0.4514,0.4514,720,COMPUTED
taker_buy_ratio_20h,taker_imbalance,positive,1h,2026-05,-0.14902875,-0.14902875,0.0,0.0,,,,0.0,0.0,1,COMPUTED
taker_buy_ratio_20h,taker_imbalance,positive,4h,2024-06,0.0043574,0.0043574,0.12992395,0.12992395,0.033538,0.033538,0.033538,0.5,0.5,700,COMPUTED
taker_buy_ratio_20h,taker_imbalance,positive,4h,2024-07,0.00844587,0.00844587,0.12673015,0.12673015,0.066645,0.066645,0.066645,0.5376,0.5376,744,COMPUTED
taker_buy_ratio_20h,taker_imbalance,positive,4h,2024-08,-0.00609886,-0.00609886,0.11336565,0.11336565,-0.053798,-0.053798,-0.053798,0.4906,0.4906,744,COMPUTED
taker_buy_ratio_20h,taker_imbalance,positive,4h,2024-09,-0.01233384,-0.01233384,0.1068311,0.1068311,-0.115452,-0.115452,-0.115452,0.4417,0.4417,720,COMPUTED
taker_buy_ratio_20h,taker_imbalance,positive,4h,2024-10,-0.01692792,-0.01692792,0.10795325,0.10795325,-0.156808,-0.156808,-0.156808,0.4613,0.4613,724,COMPUTED
taker_buy_ratio_20h,taker_imbalance,positive,4h,2024-11,-0.01052088,-0.01052088,0.11880745,0.11880745,-0.088554,-0.088554,-0.088554,0.4792,0.4792,720,COMPUTED
taker_buy_ratio_20h,taker_imbalance,positive,4h,2024-12,-0.00384927,-0.00384927,0.12255694,0.12255694,-0.031408,-0.031408,-0.031408,0.4839,0.4839,744,COMPUTED
taker_buy_ratio_20h,taker_imbalance,positive,4h,2025-01,-0.01135496,-0.01135496,0.11639452,0.11639452,-0.097556,-0.097556,-0.097556,0.4516,0.4516,744,COMPUTED
taker_buy_ratio_20h,taker_imbalance,positive,4h,2025-02,0.00035279,0.00035279,0.10780636,0.10780636,0.003272,0.003272,0.003272,0.5149,0.5149,672,COMPUTED
taker_buy_ratio_20h,taker_imbalance,positive,4h,2025-03,-0.01465413,-0.01465413,0.09401981,0.09401981,-0.155862,-0.155862,-0.155862,0.4476,0.4476,744,COMPUTED
taker_buy_ratio_20h,taker_imbalance,positive,4h,2025-04,0.00304498,0.00304498,0.08865057,0.08865057,0.034348,0.034348,0.034348,0.5056,0.5056,720,COMPUTED
taker_buy_ratio_20h,taker_imbalance,positive,4h,2025-05,-0.01803179,-0.01803179,0.09790518,0.09790518,-0.184176,-0.184176,-0.184176,0.4099,0.4099,744,COMPUTED
taker_buy_ratio_20h,taker_imbalance,positive,4h,2025-06,-0.0176028,-0.0176028,0.09544494,0.09544494,-0.184429,-0.184429,-0.184429,0.425,0.425,720,COMPUTED
taker_buy_ratio_20h,taker_imbalance,positive,4h,2025-07,-0.0073867,-0.0073867,0.08826342,0.08826342,-0.083689,-0.083689,-0.083689,0.4987,0.4987,744,COMPUTED
taker_buy_ratio_20h,taker_imbalance,positive,4h,2025-08,0.00627492,0.00627492,0.08956459,0.08956459,0.07006,0.07006,0.07006,0.5444,0.5444,744,COMPUTED
taker_buy_ratio_20h,taker_imbalance,positive,4h,2025-09,-0.00107538,-0.00107538,0.08176674,0.08176674,-0.013152,-0.013152,-0.013152,0.4875,0.4875,720,COMPUTED
taker_buy_ratio_20h,taker_imbalance,positive,4h,2025-10,-0.00574614,-0.00574614,0.08938037,0.08938037,-0.064289,-0.064289,-0.064289,0.4731,0.4731,744,COMPUTED
taker_buy_ratio_20h,taker_imbalance,positive,4h,2025-11,0.0075159,0.0075159,0.08225063,0.08225063,0.091378,0.091378,0.091378,0.5431,0.5431,720,COMPUTED
taker_buy_ratio_20h,taker_imbalance,positive,4h,2025-12,-0.00072647,-0.00072647,0.07324249,0.07324249,-0.009919,-0.009919,-0.009919,0.4785,0.4785,744,COMPUTED
taker_buy_ratio_20h,taker_imbalance,positive,4h,2026-01,0.0036489,0.0036489,0.0798723,0.0798723,0.045684,0.045684,0.045684,0.5175,0.5175,744,COMPUTED
taker_buy_ratio_20h,taker_imbalance,positive,4h,2026-02,0.00768355,0.00768355,0.07637112,0.07637112,0.100608,0.100608,0.100608,0.5298,0.5298,672,COMPUTED
taker_buy_ratio_20h,taker_imbalance,positive,4h,2026-03,-0.00704717,-0.00704717,0.07796002,0.07796002,-0.090395,-0.090395,-0.090395,0.4677,0.4677,744,COMPUTED
taker_buy_ratio_20h,taker_imbalance,positive,4h,2026-04,-0.00899243,-0.00899243,0.07670783,0.07670783,-0.11723,-0.11723,-0.11723,0.4333,0.4333,720,COMPUTED
taker_buy_ratio_20h,taker_imbalance,positive,4h,2026-05,-0.08951561,-0.08951561,0.0,0.0,,,,0.0,0.0,1,COMPUTED
taker_buy_ratio_20h,taker_imbalance,positive,24h,2024-06,0.03290435,0.03290435,0.15124934,0.15124934,0.21755,0.21755,0.21755,0.5486,0.5486,700,COMPUTED
taker_buy_ratio_20h,taker_imbalance,positive,24h,2024-07,-0.00072566,-0.00072566,0.11927395,0.11927395,-0.006084,-0.006084,-0.006084,0.5121,0.5121,744,COMPUTED
taker_buy_ratio_20h,taker_imbalance,positive,24h,2024-08,-0.02053137,-0.02053137,0.10933498,0.10933498,-0.187784,-0.187784,-0.187784,0.4315,0.4315,744,COMPUTED
taker_buy_ratio_20h,taker_imbalance,positive,24h,2024-09,-0.0025665,-0.0025665,0.11088841,0.11088841,-0.023145,-0.023145,-0.023145,0.4542,0.4542,720,COMPUTED
taker_buy_ratio_20h,taker_imbalance,positive,24h,2024-10,-0.03069455,-0.03069455,0.10616889,0.10616889,-0.289111,-0.289111,-0.289111,0.3757,0.3757,724,COMPUTED
taker_buy_ratio_20h,taker_imbalance,positive,24h,2024-11,-0.0137115,-0.0137115,0.13695815,0.13695815,-0.100115,-0.100115,-0.100115,0.4833,0.4833,720,COMPUTED
taker_buy_ratio_20h,taker_imbalance,positive,24h,2024-12,0.020181,0.020181,0.12931926,0.12931926,0.156056,0.156056,0.156056,0.5632,0.5632,744,COMPUTED
taker_buy_ratio_20h,taker_imbalance,positive,24h,2025-01,-0.01412336,-0.01412336,0.12582487,0.12582487,-0.112246,-0.112246,-0.112246,0.4556,0.4556,744,COMPUTED
taker_buy_ratio_20h,taker_imbalance,positive,24h,2025-02,-0.0028948,-0.0028948,0.10770464,0.10770464,-0.026877,-0.026877,-0.026877,0.503,0.503,672,COMPUTED
taker_buy_ratio_20h,taker_imbalance,positive,24h,2025-03,-0.00022746,-0.00022746,0.10186003,0.10186003,-0.002233,-0.002233,-0.002233,0.4852,0.4852,744,COMPUTED
taker_buy_ratio_20h,taker_imbalance,positive,24h,2025-04,0.01534267,0.01534267,0.08399087,0.08399087,0.182671,0.182671,0.182671,0.5681,0.5681,720,COMPUTED
taker_buy_ratio_20h,taker_imbalance,positive,24h,2025-05,-0.02243598,-0.02243598,0.10380691,0.10380691,-0.216132,-0.216132,-0.216132,0.4126,0.4126,744,COMPUTED
taker_buy_ratio_20h,taker_imbalance,positive,24h,2025-06,-0.01101758,-0.01101758,0.0935705,0.0935705,-0.117746,-0.117746,-0.117746,0.4528,0.4528,720,COMPUTED
taker_buy_ratio_20h,taker_imbalance,positive,24h,2025-07,-0.01862134,-0.01862134,0.0930515,0.0930515,-0.200119,-0.200119,-0.200119,0.4624,0.4624,744,COMPUTED
taker_buy_ratio_20h,taker_imbalance,positive,24h,2025-08,0.00307662,0.00307662,0.09901174,0.09901174,0.031073,0.031073,0.031073,0.5255,0.5255,744,COMPUTED
taker_buy_ratio_20h,taker_imbalance,positive,24h,2025-09,-0.01643716,-0.01643716,0.07991816,0.07991816,-0.205675,-0.205675,-0.205675,0.4264,0.4264,720,COMPUTED
taker_buy_ratio_20h,taker_imbalance,positive,24h,2025-10,0.00060106,0.00060106,0.10151274,0.10151274,0.005921,0.005921,0.005921,0.4852,0.4852,744,COMPUTED
taker_buy_ratio_20h,taker_imbalance,positive,24h,2025-11,0.01971096,0.01971096,0.07670859,0.07670859,0.256959,0.256959,0.256959,0.6069,0.6069,720,COMPUTED
taker_buy_ratio_20h,taker_imbalance,positive,24h,2025-12,0.02092402,0.02092402,0.07992753,0.07992753,0.261787,0.261787,0.261787,0.5981,0.5981,744,COMPUTED
taker_buy_ratio_20h,taker_imbalance,positive,24h,2026-01,0.00679039,0.00679039,0.07632308,0.07632308,0.088969,0.088969,0.088969,0.5444,0.5444,744,COMPUTED
taker_buy_ratio_20h,taker_imbalance,positive,24h,2026-02,-0.00545696,-0.00545696,0.08083356,0.08083356,-0.067509,-0.067509,-0.067509,0.4955,0.4955,672,COMPUTED
taker_buy_ratio_20h,taker_imbalance,positive,24h,2026-03,0.00285495,0.00285495,0.08410406,0.08410406,0.033945,0.033945,0.033945,0.4798,0.4798,744,COMPUTED
taker_buy_ratio_20h,taker_imbalance,positive,24h,2026-04,-0.00792773,-0.00792773,0.08181007,0.08181007,-0.096904,-0.096904,-0.096904,0.4194,0.4194,720,COMPUTED
taker_buy_ratio_20h,taker_imbalance,positive,24h,2026-05,-0.00426173,-0.00426173,0.0,0.0,,,,0.0,0.0,1,COMPUTED
taker_buy_ratio_20h,taker_imbalance,positive,72h,2024-06,0.05720085,0.05720085,0.14413411,0.14413411,0.396859,0.396859,0.396859,0.62,0.62,700,COMPUTED
taker_buy_ratio_20h,taker_imbalance,positive,72h,2024-07,0.00972468,0.00972468,0.12730305,0.12730305,0.07639,0.07639,0.07639,0.5511,0.5511,744,COMPUTED
taker_buy_ratio_20h,taker_imbalance,positive,72h,2024-08,-0.02339479,-0.02339479,0.12240977,0.12240977,-0.191119,-0.191119,-0.191119,0.4167,0.4167,744,COMPUTED
taker_buy_ratio_20h,taker_imbalance,positive,72h,2024-09,-0.00557885,-0.00557885,0.11959888,0.11959888,-0.046646,-0.046646,-0.046646,0.5194,0.5194,720,COMPUTED
taker_buy_ratio_20h,taker_imbalance,positive,72h,2024-10,-0.02189814,-0.02189814,0.10646625,0.10646625,-0.205682,-0.205682,-0.205682,0.4613,0.4613,724,COMPUTED
taker_buy_ratio_20h,taker_imbalance,positive,72h,2024-11,0.02701842,0.02701842,0.13330012,0.13330012,0.202689,0.202689,0.202689,0.5694,0.5694,720,COMPUTED
taker_buy_ratio_20h,taker_imbalance,positive,72h,2024-12,0.03759692,0.03759692,0.12844568,0.12844568,0.292707,0.292707,0.292707,0.6022,0.6022,744,COMPUTED
taker_buy_ratio_20h,taker_imbalance,positive,72h,2025-01,0.00614882,0.00614882,0.12088586,0.12088586,0.050865,0.050865,0.050865,0.5134,0.5134,744,COMPUTED
taker_buy_ratio_20h,taker_imbalance,positive,72h,2025-02,-0.01275543,-0.01275543,0.11283206,0.11283206,-0.113048,-0.113048,-0.113048,0.4509,0.4509,672,COMPUTED
taker_buy_ratio_20h,taker_imbalance,positive,72h,2025-03,0.02285521,0.02285521,0.09665359,0.09665359,0.236465,0.236465,0.236465,0.5954,0.5954,744,COMPUTED
taker_buy_ratio_20h,taker_imbalance,positive,72h,2025-04,0.02876568,0.02876568,0.09301651,0.09301651,0.309254,0.309254,0.309254,0.6139,0.6139,720,COMPUTED
taker_buy_ratio_20h,taker_imbalance,positive,72h,2025-05,-0.00227138,-0.00227138,0.10426689,0.10426689,-0.021784,-0.021784,-0.021784,0.504,0.504,744,COMPUTED
taker_buy_ratio_20h,taker_imbalance,positive,72h,2025-06,-0.01510944,-0.01510944,0.08076238,0.08076238,-0.187085,-0.187085,-0.187085,0.3958,0.3958,720,COMPUTED
taker_buy_ratio_20h,taker_imbalance,positive,72h,2025-07,-0.02411042,-0.02411042,0.09438845,0.09438845,-0.255438,-0.255438,-0.255438,0.4153,0.4153,744,COMPUTED
taker_buy_ratio_20h,taker_imbalance,positive,72h,2025-08,-0.01574636,-0.01574636,0.07748927,0.07748927,-0.203207,-0.203207,-0.203207,0.414,0.414,744,COMPUTED
taker_buy_ratio_20h,taker_imbalance,positive,72h,2025-09,-0.01910518,-0.01910518,0.0791217,0.0791217,-0.241466,-0.241466,-0.241466,0.4125,0.4125,720,COMPUTED
taker_buy_ratio_20h,taker_imbalance,positive,72h,2025-10,-0.00887887,-0.00887887,0.12353757,0.12353757,-0.071872,-0.071872,-0.071872,0.4341,0.4341,744,COMPUTED
taker_buy_ratio_20h,taker_imbalance,positive,72h,2025-11,0.02059077,0.02059077,0.0741598,0.0741598,0.277654,0.277654,0.277654,0.5986,0.5986,720,COMPUTED
taker_buy_ratio_20h,taker_imbalance,positive,72h,2025-12,0.01072387,0.01072387,0.07712418,0.07712418,0.139047,0.139047,0.139047,0.5484,0.5484,744,COMPUTED
taker_buy_ratio_20h,taker_imbalance,positive,72h,2026-01,0.01801356,0.01801356,0.07518642,0.07518642,0.239585,0.239585,0.239585,0.6048,0.6048,744,COMPUTED
taker_buy_ratio_20h,taker_imbalance,positive,72h,2026-02,0.00902726,0.00902726,0.07466722,0.07466722,0.1209,0.1209,0.1209,0.5491,0.5491,672,COMPUTED
taker_buy_ratio_20h,taker_imbalance,positive,72h,2026-03,0.02439207,0.02439207,0.07186202,0.07186202,0.339429,0.339429,0.339429,0.6331,0.6331,744,COMPUTED
taker_buy_ratio_20h,taker_imbalance,positive,72h,2026-04,-0.01467825,-0.01467825,0.09122223,0.09122223,-0.160906,-0.160906,-0.160906,0.4111,0.4111,720,COMPUTED
taker_buy_ratio_20h,taker_imbalance,positive,72h,2026-05,0.09219361,0.09219361,0.0,0.0,,,,1.0,1.0,1,COMPUTED
taker_buy_zscore_20h,taker_imbalance,positive,1h,2024-06,-0.00964784,-0.00964784,0.11413791,0.11413791,-0.084528,-0.084528,-0.084528,0.4643,0.4643,700,COMPUTED
taker_buy_zscore_20h,taker_imbalance,positive,1h,2024-07,-0.00130975,-0.00130975,0.10837824,0.10837824,-0.012085,-0.012085,-0.012085,0.496,0.496,744,COMPUTED
taker_buy_zscore_20h,taker_imbalance,positive,1h,2024-08,-0.00782161,-0.00782161,0.1184414,0.1184414,-0.066038,-0.066038,-0.066038,0.4758,0.4758,744,COMPUTED
taker_buy_zscore_20h,taker_imbalance,positive,1h,2024-09,-0.01944172,-0.01944172,0.11035424,0.11035424,-0.176176,-0.176176,-0.176176,0.4306,0.4306,720,COMPUTED
taker_buy_zscore_20h,taker_imbalance,positive,1h,2024-10,-0.01501355,-0.01501355,0.11173245,0.11173245,-0.134371,-0.134371,-0.134371,0.4329,0.4329,723,COMPUTED
taker_buy_zscore_20h,taker_imbalance,positive,1h,2024-11,-0.02572997,-0.02572997,0.11710399,0.11710399,-0.219719,-0.219719,-0.219719,0.4,0.4,720,COMPUTED
taker_buy_zscore_20h,taker_imbalance,positive,1h,2024-12,-0.02258584,-0.02258584,0.11348172,0.11348172,-0.199026,-0.199026,-0.199026,0.4234,0.4234,744,COMPUTED
taker_buy_zscore_20h,taker_imbalance,positive,1h,2025-01,-0.02053464,-0.02053464,0.11499653,0.11499653,-0.178568,-0.178568,-0.178568,0.4288,0.4288,744,COMPUTED
taker_buy_zscore_20h,taker_imbalance,positive,1h,2025-02,-0.0027228,-0.0027228,0.11177024,0.11177024,-0.024361,-0.024361,-0.024361,0.4747,0.4747,672,COMPUTED
taker_buy_zscore_20h,taker_imbalance,positive,1h,2025-03,0.00028641,0.00028641,0.10838181,0.10838181,0.002643,0.002643,0.002643,0.4987,0.4987,744,COMPUTED
taker_buy_zscore_20h,taker_imbalance,positive,1h,2025-04,-0.01117867,-0.01117867,0.09535673,0.09535673,-0.11723,-0.11723,-0.11723,0.4542,0.4542,720,COMPUTED
taker_buy_zscore_20h,taker_imbalance,positive,1h,2025-05,-0.00994513,-0.00994513,0.09375515,0.09375515,-0.106076,-0.106076,-0.106076,0.4691,0.4691,744,COMPUTED
taker_buy_zscore_20h,taker_imbalance,positive,1h,2025-06,-0.00330434,-0.00330434,0.09735427,0.09735427,-0.033941,-0.033941,-0.033941,0.4736,0.4736,720,COMPUTED
taker_buy_zscore_20h,taker_imbalance,positive,1h,2025-07,-0.01180879,-0.01180879,0.09732434,0.09732434,-0.121334,-0.121334,-0.121334,0.4677,0.4677,744,COMPUTED
taker_buy_zscore_20h,taker_imbalance,positive,1h,2025-08,-0.00594291,-0.00594291,0.08682291,0.08682291,-0.068449,-0.068449,-0.068449,0.4758,0.4758,744,COMPUTED
taker_buy_zscore_20h,taker_imbalance,positive,1h,2025-09,-0.00600321,-0.00600321,0.08647683,0.08647683,-0.06942,-0.06942,-0.06942,0.4583,0.4583,720,COMPUTED
taker_buy_zscore_20h,taker_imbalance,positive,1h,2025-10,-0.01589427,-0.01589427,0.07997737,0.07997737,-0.198735,-0.198735,-0.198735,0.4207,0.4207,744,COMPUTED
taker_buy_zscore_20h,taker_imbalance,positive,1h,2025-11,-0.02124636,-0.02124636,0.07568446,0.07568446,-0.280723,-0.280723,-0.280723,0.3833,0.3833,720,COMPUTED
taker_buy_zscore_20h,taker_imbalance,positive,1h,2025-12,-0.01253224,-0.01253224,0.07413502,0.07413502,-0.169046,-0.169046,-0.169046,0.4247,0.4247,744,COMPUTED
taker_buy_zscore_20h,taker_imbalance,positive,1h,2026-01,-0.016049,-0.016049,0.07941417,0.07941417,-0.202092,-0.202092,-0.202092,0.4207,0.4207,744,COMPUTED
taker_buy_zscore_20h,taker_imbalance,positive,1h,2026-02,-0.00572884,-0.00572884,0.07743967,0.07743967,-0.073978,-0.073978,-0.073978,0.4866,0.4866,672,COMPUTED
taker_buy_zscore_20h,taker_imbalance,positive,1h,2026-03,-0.00224972,-0.00224972,0.07512014,0.07512014,-0.029948,-0.029948,-0.029948,0.4758,0.4758,744,COMPUTED
taker_buy_zscore_20h,taker_imbalance,positive,1h,2026-04,-0.01434326,-0.01434326,0.07642451,0.07642451,-0.187679,-0.187679,-0.187679,0.4306,0.4306,720,COMPUTED
taker_buy_zscore_20h,taker_imbalance,positive,1h,2026-05,-0.10439612,-0.10439612,0.0,0.0,,,,0.0,0.0,1,COMPUTED
taker_buy_zscore_20h,taker_imbalance,positive,4h,2024-06,-0.0078795,-0.0078795,0.11333732,0.11333732,-0.069523,-0.069523,-0.069523,0.4514,0.4514,700,COMPUTED
taker_buy_zscore_20h,taker_imbalance,positive,4h,2024-07,-0.00246399,-0.00246399,0.11346998,0.11346998,-0.021715,-0.021715,-0.021715,0.5027,0.5027,744,COMPUTED
taker_buy_zscore_20h,taker_imbalance,positive,4h,2024-08,-0.00349297,-0.00349297,0.11368044,0.11368044,-0.030726,-0.030726,-0.030726,0.4745,0.4745,744,COMPUTED
taker_buy_zscore_20h,taker_imbalance,positive,4h,2024-09,-0.01115419,-0.01115419,0.10927918,0.10927918,-0.102071,-0.102071,-0.102071,0.4681,0.4681,720,COMPUTED
taker_buy_zscore_20h,taker_imbalance,positive,4h,2024-10,-0.01401664,-0.01401664,0.11039034,0.11039034,-0.126973,-0.126973,-0.126973,0.4475,0.4475,724,COMPUTED
taker_buy_zscore_20h,taker_imbalance,positive,4h,2024-11,-0.01819667,-0.01819667,0.11591668,0.11591668,-0.156981,-0.156981,-0.156981,0.4389,0.4389,720,COMPUTED
taker_buy_zscore_20h,taker_imbalance,positive,4h,2024-12,-0.01982619,-0.01982619,0.11286492,0.11286492,-0.175663,-0.175663,-0.175663,0.4341,0.4341,744,COMPUTED
taker_buy_zscore_20h,taker_imbalance,positive,4h,2025-01,-0.00502567,-0.00502567,0.11294655,0.11294655,-0.044496,-0.044496,-0.044496,0.4798,0.4798,744,COMPUTED
taker_buy_zscore_20h,taker_imbalance,positive,4h,2025-02,0.00518505,0.00518505,0.1096477,0.1096477,0.047288,0.047288,0.047288,0.4926,0.4926,672,COMPUTED
taker_buy_zscore_20h,taker_imbalance,positive,4h,2025-03,-0.0056964,-0.0056964,0.10338508,0.10338508,-0.055099,-0.055099,-0.055099,0.4637,0.4637,744,COMPUTED
taker_buy_zscore_20h,taker_imbalance,positive,4h,2025-04,-0.01538461,-0.01538461,0.09058933,0.09058933,-0.169828,-0.169828,-0.169828,0.425,0.425,720,COMPUTED
taker_buy_zscore_20h,taker_imbalance,positive,4h,2025-05,0.00461493,0.00461493,0.09844634,0.09844634,0.046878,0.046878,0.046878,0.5188,0.5188,744,COMPUTED
taker_buy_zscore_20h,taker_imbalance,positive,4h,2025-06,-0.00734069,-0.00734069,0.0969033,0.0969033,-0.075753,-0.075753,-0.075753,0.4514,0.4514,720,COMPUTED
taker_buy_zscore_20h,taker_imbalance,positive,4h,2025-07,-0.01367732,-0.01367732,0.09587596,0.09587596,-0.142656,-0.142656,-0.142656,0.4301,0.4301,744,COMPUTED
taker_buy_zscore_20h,taker_imbalance,positive,4h,2025-08,-0.00712867,-0.00712867,0.08821028,0.08821028,-0.080814,-0.080814,-0.080814,0.4543,0.4543,744,COMPUTED
taker_buy_zscore_20h,taker_imbalance,positive,4h,2025-09,-0.00052816,-0.00052816,0.08497796,0.08497796,-0.006215,-0.006215,-0.006215,0.4944,0.4944,720,COMPUTED
taker_buy_zscore_20h,taker_imbalance,positive,4h,2025-10,-0.00810003,-0.00810003,0.08056871,0.08056871,-0.100536,-0.100536,-0.100536,0.4624,0.4624,744,COMPUTED
taker_buy_zscore_20h,taker_imbalance,positive,4h,2025-11,-0.01360542,-0.01360542,0.07749033,0.07749033,-0.175576,-0.175576,-0.175576,0.4444,0.4444,720,COMPUTED
taker_buy_zscore_20h,taker_imbalance,positive,4h,2025-12,-0.01279359,-0.01279359,0.07638429,0.07638429,-0.16749,-0.16749,-0.16749,0.4301,0.4301,744,COMPUTED
taker_buy_zscore_20h,taker_imbalance,positive,4h,2026-01,-0.007506,-0.007506,0.08328977,0.08328977,-0.090119,-0.090119,-0.090119,0.4691,0.4691,744,COMPUTED
taker_buy_zscore_20h,taker_imbalance,positive,4h,2026-02,0.0065257,0.0065257,0.08194816,0.08194816,0.079632,0.079632,0.079632,0.5402,0.5402,672,COMPUTED
taker_buy_zscore_20h,taker_imbalance,positive,4h,2026-03,-0.00235615,-0.00235615,0.07723013,0.07723013,-0.030508,-0.030508,-0.030508,0.504,0.504,744,COMPUTED
taker_buy_zscore_20h,taker_imbalance,positive,4h,2026-04,-0.01419931,-0.01419931,0.07624422,0.07624422,-0.186235,-0.186235,-0.186235,0.4361,0.4361,720,COMPUTED
taker_buy_zscore_20h,taker_imbalance,positive,4h,2026-05,-0.08500047,-0.08500047,0.0,0.0,,,,0.0,0.0,1,COMPUTED
taker_buy_zscore_20h,taker_imbalance,positive,24h,2024-06,-0.00253723,-0.00253723,0.10942121,0.10942121,-0.023188,-0.023188,-0.023188,0.4757,0.4757,700,COMPUTED
taker_buy_zscore_20h,taker_imbalance,positive,24h,2024-07,0.00307582,0.00307582,0.10961957,0.10961957,0.028059,0.028059,0.028059,0.5188,0.5188,744,COMPUTED
taker_buy_zscore_20h,taker_imbalance,positive,24h,2024-08,0.00138649,0.00138649,0.11494655,0.11494655,0.012062,0.012062,0.012062,0.4825,0.4825,744,COMPUTED
taker_buy_zscore_20h,taker_imbalance,positive,24h,2024-09,-0.00654902,-0.00654902,0.1059899,0.1059899,-0.061789,-0.061789,-0.061789,0.4667,0.4667,720,COMPUTED
taker_buy_zscore_20h,taker_imbalance,positive,24h,2024-10,-0.00025332,-0.00025332,0.11524096,0.11524096,-0.002198,-0.002198,-0.002198,0.4696,0.4696,724,COMPUTED
taker_buy_zscore_20h,taker_imbalance,positive,24h,2024-11,-0.00593703,-0.00593703,0.11522436,0.11522436,-0.051526,-0.051526,-0.051526,0.4944,0.4944,720,COMPUTED
taker_buy_zscore_20h,taker_imbalance,positive,24h,2024-12,-0.00995102,-0.00995102,0.11151543,0.11151543,-0.089234,-0.089234,-0.089234,0.4677,0.4677,744,COMPUTED
taker_buy_zscore_20h,taker_imbalance,positive,24h,2025-01,-0.00270156,-0.00270156,0.11138093,0.11138093,-0.024255,-0.024255,-0.024255,0.5013,0.5013,744,COMPUTED
taker_buy_zscore_20h,taker_imbalance,positive,24h,2025-02,0.00190795,0.00190795,0.11406527,0.11406527,0.016727,0.016727,0.016727,0.4896,0.4896,672,COMPUTED
taker_buy_zscore_20h,taker_imbalance,positive,24h,2025-03,-0.00222761,-0.00222761,0.10231175,0.10231175,-0.021773,-0.021773,-0.021773,0.4758,0.4758,744,COMPUTED
taker_buy_zscore_20h,taker_imbalance,positive,24h,2025-04,-0.0007223,-0.0007223,0.09452269,0.09452269,-0.007642,-0.007642,-0.007642,0.5,0.5,720,COMPUTED
taker_buy_zscore_20h,taker_imbalance,positive,24h,2025-05,-0.00041714,-0.00041714,0.10608369,0.10608369,-0.003932,-0.003932,-0.003932,0.496,0.496,744,COMPUTED
taker_buy_zscore_20h,taker_imbalance,positive,24h,2025-06,-0.00188386,-0.00188386,0.09803898,0.09803898,-0.019215,-0.019215,-0.019215,0.4778,0.4778,720,COMPUTED
taker_buy_zscore_20h,taker_imbalance,positive,24h,2025-07,-0.00290198,-0.00290198,0.09661708,0.09661708,-0.030036,-0.030036,-0.030036,0.4919,0.4919,744,COMPUTED
taker_buy_zscore_20h,taker_imbalance,positive,24h,2025-08,0.00392473,0.00392473,0.0890533,0.0890533,0.044072,0.044072,0.044072,0.5282,0.5282,744,COMPUTED
taker_buy_zscore_20h,taker_imbalance,positive,24h,2025-09,0.00484395,0.00484395,0.08252287,0.08252287,0.058698,0.058698,0.058698,0.5194,0.5194,720,COMPUTED
taker_buy_zscore_20h,taker_imbalance,positive,24h,2025-10,-0.00329007,-0.00329007,0.07736763,0.07736763,-0.042525,-0.042525,-0.042525,0.4758,0.4758,744,COMPUTED
taker_buy_zscore_20h,taker_imbalance,positive,24h,2025-11,-0.00476076,-0.00476076,0.07561446,0.07561446,-0.062961,-0.062961,-0.062961,0.4653,0.4653,720,COMPUTED
taker_buy_zscore_20h,taker_imbalance,positive,24h,2025-12,-0.00906281,-0.00906281,0.07681552,0.07681552,-0.117981,-0.117981,-0.117981,0.4677,0.4677,744,COMPUTED
taker_buy_zscore_20h,taker_imbalance,positive,24h,2026-01,-0.00050425,-0.00050425,0.07954072,0.07954072,-0.006339,-0.006339,-0.006339,0.4785,0.4785,744,COMPUTED
taker_buy_zscore_20h,taker_imbalance,positive,24h,2026-02,0.00761214,0.00761214,0.08241113,0.08241113,0.092368,0.092368,0.092368,0.5417,0.5417,672,COMPUTED
taker_buy_zscore_20h,taker_imbalance,positive,24h,2026-03,-0.00627914,-0.00627914,0.07417587,0.07417587,-0.084652,-0.084652,-0.084652,0.4556,0.4556,744,COMPUTED
taker_buy_zscore_20h,taker_imbalance,positive,24h,2026-04,-0.00465951,-0.00465951,0.07371539,0.07371539,-0.063209,-0.063209,-0.063209,0.4833,0.4833,720,COMPUTED
taker_buy_zscore_20h,taker_imbalance,positive,24h,2026-05,0.03998956,0.03998956,0.0,0.0,,,,1.0,1.0,1,COMPUTED
taker_buy_zscore_20h,taker_imbalance,positive,72h,2024-06,-0.0006686,-0.0006686,0.10989966,0.10989966,-0.006084,-0.006084,-0.006084,0.4929,0.4929,700,COMPUTED
taker_buy_zscore_20h,taker_imbalance,positive,72h,2024-07,0.00578813,0.00578813,0.11157785,0.11157785,0.051875,0.051875,0.051875,0.5188,0.5188,744,COMPUTED
taker_buy_zscore_20h,taker_imbalance,positive,72h,2024-08,0.00535245,0.00535245,0.11774427,0.11774427,0.045458,0.045458,0.045458,0.5081,0.5081,744,COMPUTED
taker_buy_zscore_20h,taker_imbalance,positive,72h,2024-09,-0.00503461,-0.00503461,0.10354747,0.10354747,-0.048621,-0.048621,-0.048621,0.5153,0.5153,720,COMPUTED
taker_buy_zscore_20h,taker_imbalance,positive,72h,2024-10,-0.00094349,-0.00094349,0.10811243,0.10811243,-0.008727,-0.008727,-0.008727,0.4807,0.4807,724,COMPUTED
taker_buy_zscore_20h,taker_imbalance,positive,72h,2024-11,-0.00389308,-0.00389308,0.11546374,0.11546374,-0.033717,-0.033717,-0.033717,0.4889,0.4889,720,COMPUTED
taker_buy_zscore_20h,taker_imbalance,positive,72h,2024-12,-0.00225907,-0.00225907,0.11145939,0.11145939,-0.020268,-0.020268,-0.020268,0.4852,0.4852,744,COMPUTED
taker_buy_zscore_20h,taker_imbalance,positive,72h,2025-01,0.00066468,0.00066468,0.1111066,0.1111066,0.005982,0.005982,0.005982,0.4879,0.4879,744,COMPUTED
taker_buy_zscore_20h,taker_imbalance,positive,72h,2025-02,-0.00045359,-0.00045359,0.10820718,0.10820718,-0.004192,-0.004192,-0.004192,0.5015,0.5015,672,COMPUTED
taker_buy_zscore_20h,taker_imbalance,positive,72h,2025-03,-0.00085507,-0.00085507,0.10201185,0.10201185,-0.008382,-0.008382,-0.008382,0.4825,0.4825,744,COMPUTED
taker_buy_zscore_20h,taker_imbalance,positive,72h,2025-04,-0.00451838,-0.00451838,0.0959591,0.0959591,-0.047086,-0.047086,-0.047086,0.4833,0.4833,720,COMPUTED
taker_buy_zscore_20h,taker_imbalance,positive,72h,2025-05,-3.588e-05,-3.588e-05,0.10034875,0.10034875,-0.000358,-0.000358,-0.000358,0.4987,0.4987,744,COMPUTED
taker_buy_zscore_20h,taker_imbalance,positive,72h,2025-06,-0.00279024,-0.00279024,0.09790984,0.09790984,-0.028498,-0.028498,-0.028498,0.4778,0.4778,720,COMPUTED
taker_buy_zscore_20h,taker_imbalance,positive,72h,2025-07,-0.00196051,-0.00196051,0.09707076,0.09707076,-0.020197,-0.020197,-0.020197,0.4677,0.4677,744,COMPUTED
taker_buy_zscore_20h,taker_imbalance,positive,72h,2025-08,0.0035757,0.0035757,0.0910242,0.0910242,0.039283,0.039283,0.039283,0.5228,0.5228,744,COMPUTED
taker_buy_zscore_20h,taker_imbalance,positive,72h,2025-09,0.00156204,0.00156204,0.0872735,0.0872735,0.017898,0.017898,0.017898,0.5181,0.5181,720,COMPUTED
taker_buy_zscore_20h,taker_imbalance,positive,72h,2025-10,-0.00207421,-0.00207421,0.07633077,0.07633077,-0.027174,-0.027174,-0.027174,0.4812,0.4812,744,COMPUTED
taker_buy_zscore_20h,taker_imbalance,positive,72h,2025-11,-0.00187124,-0.00187124,0.07514155,0.07514155,-0.024903,-0.024903,-0.024903,0.4903,0.4903,720,COMPUTED
taker_buy_zscore_20h,taker_imbalance,positive,72h,2025-12,0.00075649,0.00075649,0.07633852,0.07633852,0.00991,0.00991,0.00991,0.5081,0.5081,744,COMPUTED
taker_buy_zscore_20h,taker_imbalance,positive,72h,2026-01,0.00333784,0.00333784,0.08127843,0.08127843,0.041067,0.041067,0.041067,0.539,0.539,744,COMPUTED
taker_buy_zscore_20h,taker_imbalance,positive,72h,2026-02,0.00490254,0.00490254,0.08183202,0.08183202,0.05991,0.05991,0.05991,0.5149,0.5149,672,COMPUTED
taker_buy_zscore_20h,taker_imbalance,positive,72h,2026-03,-0.00219707,-0.00219707,0.07553104,0.07553104,-0.029088,-0.029088,-0.029088,0.4946,0.4946,744,COMPUTED
taker_buy_zscore_20h,taker_imbalance,positive,72h,2026-04,-0.00208454,-0.00208454,0.07035496,0.07035496,-0.029629,-0.029629,-0.029629,0.4819,0.4819,720,COMPUTED
taker_buy_zscore_20h,taker_imbalance,positive,72h,2026-05,0.11293607,0.11293607,0.0,0.0,,,,1.0,1.0,1,COMPUTED
taker_buy_delta_5h,taker_imbalance,positive,1h,2024-06,-0.01104247,-0.01104247,0.10689717,0.10689717,-0.1033,-0.1033,-0.1033,0.4636,0.4636,714,COMPUTED
taker_buy_delta_5h,taker_imbalance,positive,1h,2024-07,0.00132078,0.00132078,0.10679693,0.10679693,0.012367,0.012367,0.012367,0.5094,0.5094,744,COMPUTED
taker_buy_delta_5h,taker_imbalance,positive,1h,2024-08,-0.00162713,-0.00162713,0.11052392,0.11052392,-0.014722,-0.014722,-0.014722,0.496,0.496,744,COMPUTED
taker_buy_delta_5h,taker_imbalance,positive,1h,2024-09,-0.01230717,-0.01230717,0.10596597,0.10596597,-0.116143,-0.116143,-0.116143,0.4486,0.4486,720,COMPUTED
taker_buy_delta_5h,taker_imbalance,positive,1h,2024-10,-0.00993378,-0.00993378,0.10183315,0.10183315,-0.09755,-0.09755,-0.09755,0.4575,0.4575,741,COMPUTED
taker_buy_delta_5h,taker_imbalance,positive,1h,2024-11,-0.01899701,-0.01899701,0.11428177,0.11428177,-0.16623,-0.16623,-0.16623,0.4222,0.4222,720,COMPUTED
taker_buy_delta_5h,taker_imbalance,positive,1h,2024-12,-0.01868166,-0.01868166,0.10560603,0.10560603,-0.1769,-0.1769,-0.1769,0.4422,0.4422,744,COMPUTED
taker_buy_delta_5h,taker_imbalance,positive,1h,2025-01,-0.01435754,-0.01435754,0.10754239,0.10754239,-0.133506,-0.133506,-0.133506,0.4261,0.4261,744,COMPUTED
taker_buy_delta_5h,taker_imbalance,positive,1h,2025-02,-0.00308606,-0.00308606,0.10633096,0.10633096,-0.029023,-0.029023,-0.029023,0.5015,0.5015,672,COMPUTED
taker_buy_delta_5h,taker_imbalance,positive,1h,2025-03,-0.00015301,-0.00015301,0.10154452,0.10154452,-0.001507,-0.001507,-0.001507,0.4866,0.4866,744,COMPUTED
taker_buy_delta_5h,taker_imbalance,positive,1h,2025-04,-0.01023003,-0.01023003,0.09207055,0.09207055,-0.111111,-0.111111,-0.111111,0.4417,0.4417,720,COMPUTED
taker_buy_delta_5h,taker_imbalance,positive,1h,2025-05,-0.00473797,-0.00473797,0.09219941,0.09219941,-0.051388,-0.051388,-0.051388,0.4597,0.4597,744,COMPUTED
taker_buy_delta_5h,taker_imbalance,positive,1h,2025-06,-0.0010863,-0.0010863,0.0921157,0.0921157,-0.011793,-0.011793,-0.011793,0.4806,0.4806,720,COMPUTED
taker_buy_delta_5h,taker_imbalance,positive,1h,2025-07,-0.01190614,-0.01190614,0.09186552,0.09186552,-0.129604,-0.129604,-0.129604,0.4355,0.4355,744,COMPUTED
taker_buy_delta_5h,taker_imbalance,positive,1h,2025-08,-0.00334554,-0.00334554,0.08287434,0.08287434,-0.040369,-0.040369,-0.040369,0.4745,0.4745,744,COMPUTED
taker_buy_delta_5h,taker_imbalance,positive,1h,2025-09,-0.0069002,-0.0069002,0.08391382,0.08391382,-0.08223,-0.08223,-0.08223,0.4444,0.4444,720,COMPUTED
taker_buy_delta_5h,taker_imbalance,positive,1h,2025-10,-0.0131501,-0.0131501,0.07506268,0.07506268,-0.175188,-0.175188,-0.175188,0.4315,0.4315,744,COMPUTED
taker_buy_delta_5h,taker_imbalance,positive,1h,2025-11,-0.01802396,-0.01802396,0.07234551,0.07234551,-0.249137,-0.249137,-0.249137,0.3972,0.3972,720,COMPUTED
taker_buy_delta_5h,taker_imbalance,positive,1h,2025-12,-0.00744451,-0.00744451,0.0702514,0.0702514,-0.10597,-0.10597,-0.10597,0.4409,0.4409,744,COMPUTED
taker_buy_delta_5h,taker_imbalance,positive,1h,2026-01,-0.00932652,-0.00932652,0.07768899,0.07768899,-0.120049,-0.120049,-0.120049,0.4677,0.4677,744,COMPUTED
taker_buy_delta_5h,taker_imbalance,positive,1h,2026-02,-0.0033229,-0.0033229,0.07453498,0.07453498,-0.044582,-0.044582,-0.044582,0.4732,0.4732,672,COMPUTED
taker_buy_delta_5h,taker_imbalance,positive,1h,2026-03,0.00304253,0.00304253,0.06978972,0.06978972,0.043596,0.043596,0.043596,0.5175,0.5175,744,COMPUTED
taker_buy_delta_5h,taker_imbalance,positive,1h,2026-04,-0.01075127,-0.01075127,0.07285441,0.07285441,-0.147572,-0.147572,-0.147572,0.4417,0.4417,720,COMPUTED
taker_buy_delta_5h,taker_imbalance,positive,1h,2026-05,0.02149253,0.02149253,0.0,0.0,,,,1.0,1.0,1,COMPUTED
taker_buy_delta_5h,taker_imbalance,positive,4h,2024-06,-0.00805114,-0.00805114,0.10484053,0.10484053,-0.076794,-0.076794,-0.076794,0.4846,0.4846,714,COMPUTED
taker_buy_delta_5h,taker_imbalance,positive,4h,2024-07,0.00109317,0.00109317,0.10875151,0.10875151,0.010052,0.010052,0.010052,0.5081,0.5081,744,COMPUTED
taker_buy_delta_5h,taker_imbalance,positive,4h,2024-08,-0.00064984,-0.00064984,0.11365034,0.11365034,-0.005718,-0.005718,-0.005718,0.4987,0.4987,744,COMPUTED
taker_buy_delta_5h,taker_imbalance,positive,4h,2024-09,-0.00660671,-0.00660671,0.10532181,0.10532181,-0.062729,-0.062729,-0.062729,0.4681,0.4681,720,COMPUTED
taker_buy_delta_5h,taker_imbalance,positive,4h,2024-10,-0.01009817,-0.01009817,0.10261423,0.10261423,-0.098409,-0.098409,-0.098409,0.4596,0.4596,742,COMPUTED
taker_buy_delta_5h,taker_imbalance,positive,4h,2024-11,-0.01532338,-0.01532338,0.11127865,0.11127865,-0.137703,-0.137703,-0.137703,0.475,0.475,720,COMPUTED
taker_buy_delta_5h,taker_imbalance,positive,4h,2024-12,-0.01405301,-0.01405301,0.10921476,0.10921476,-0.128673,-0.128673,-0.128673,0.4785,0.4785,744,COMPUTED
taker_buy_delta_5h,taker_imbalance,positive,4h,2025-01,-0.00240669,-0.00240669,0.11017118,0.11017118,-0.021845,-0.021845,-0.021845,0.5121,0.5121,744,COMPUTED
taker_buy_delta_5h,taker_imbalance,positive,4h,2025-02,0.00235756,0.00235756,0.10842038,0.10842038,0.021745,0.021745,0.021745,0.4955,0.4955,672,COMPUTED
taker_buy_delta_5h,taker_imbalance,positive,4h,2025-03,-0.00668988,-0.00668988,0.09977406,0.09977406,-0.06705,-0.06705,-0.06705,0.4503,0.4503,744,COMPUTED
taker_buy_delta_5h,taker_imbalance,positive,4h,2025-04,-0.01303308,-0.01303308,0.09195503,0.09195503,-0.141733,-0.141733,-0.141733,0.4403,0.4403,720,COMPUTED
taker_buy_delta_5h,taker_imbalance,positive,4h,2025-05,0.00467968,0.00467968,0.09317304,0.09317304,0.050226,0.050226,0.050226,0.5081,0.5081,744,COMPUTED
taker_buy_delta_5h,taker_imbalance,positive,4h,2025-06,0.00174921,0.00174921,0.08754598,0.08754598,0.019981,0.019981,0.019981,0.5181,0.5181,720,COMPUTED
taker_buy_delta_5h,taker_imbalance,positive,4h,2025-07,-0.01005054,-0.01005054,0.08887983,0.08887983,-0.11308,-0.11308,-0.11308,0.4516,0.4516,744,COMPUTED
taker_buy_delta_5h,taker_imbalance,positive,4h,2025-08,-0.00579628,-0.00579628,0.08484964,0.08484964,-0.068312,-0.068312,-0.068312,0.4704,0.4704,744,COMPUTED
taker_buy_delta_5h,taker_imbalance,positive,4h,2025-09,-0.00061149,-0.00061149,0.08381349,0.08381349,-0.007296,-0.007296,-0.007296,0.5097,0.5097,720,COMPUTED
taker_buy_delta_5h,taker_imbalance,positive,4h,2025-10,-0.00578449,-0.00578449,0.07429064,0.07429064,-0.077863,-0.077863,-0.077863,0.4637,0.4637,744,COMPUTED
taker_buy_delta_5h,taker_imbalance,positive,4h,2025-11,-0.00593815,-0.00593815,0.07287968,0.07287968,-0.081479,-0.081479,-0.081479,0.4653,0.4653,720,COMPUTED
taker_buy_delta_5h,taker_imbalance,positive,4h,2025-12,-0.00863998,-0.00863998,0.07250992,0.07250992,-0.119156,-0.119156,-0.119156,0.457,0.457,744,COMPUTED
taker_buy_delta_5h,taker_imbalance,positive,4h,2026-01,-0.00711091,-0.00711091,0.07785282,0.07785282,-0.091338,-0.091338,-0.091338,0.4556,0.4556,744,COMPUTED
taker_buy_delta_5h,taker_imbalance,positive,4h,2026-02,0.00417654,0.00417654,0.07748028,0.07748028,0.053905,0.053905,0.053905,0.5045,0.5045,672,COMPUTED
taker_buy_delta_5h,taker_imbalance,positive,4h,2026-03,0.00569254,0.00569254,0.07270095,0.07270095,0.078301,0.078301,0.078301,0.5511,0.5511,744,COMPUTED
taker_buy_delta_5h,taker_imbalance,positive,4h,2026-04,-0.01121501,-0.01121501,0.07242069,0.07242069,-0.154859,-0.154859,-0.154859,0.4319,0.4319,720,COMPUTED
taker_buy_delta_5h,taker_imbalance,positive,4h,2026-05,-0.02004766,-0.02004766,0.0,0.0,,,,0.0,0.0,1,COMPUTED
taker_buy_delta_5h,taker_imbalance,positive,24h,2024-06,-0.00186316,-0.00186316,0.09879587,0.09879587,-0.018859,-0.018859,-0.018859,0.4804,0.4804,714,COMPUTED
taker_buy_delta_5h,taker_imbalance,positive,24h,2024-07,0.00270138,0.00270138,0.10558096,0.10558096,0.025586,0.025586,0.025586,0.5148,0.5148,744,COMPUTED
taker_buy_delta_5h,taker_imbalance,positive,24h,2024-08,0.0006965,0.0006965,0.11110808,0.11110808,0.006269,0.006269,0.006269,0.4987,0.4987,744,COMPUTED
taker_buy_delta_5h,taker_imbalance,positive,24h,2024-09,-0.0031854,-0.0031854,0.10191323,0.10191323,-0.031256,-0.031256,-0.031256,0.4722,0.4722,720,COMPUTED
taker_buy_delta_5h,taker_imbalance,positive,24h,2024-10,0.00160147,0.00160147,0.10800937,0.10800937,0.014827,0.014827,0.014827,0.4933,0.4933,742,COMPUTED
taker_buy_delta_5h,taker_imbalance,positive,24h,2024-11,-0.00384647,-0.00384647,0.1133756,0.1133756,-0.033927,-0.033927,-0.033927,0.4972,0.4972,720,COMPUTED
taker_buy_delta_5h,taker_imbalance,positive,24h,2024-12,-0.00623784,-0.00623784,0.10515089,0.10515089,-0.059323,-0.059323,-0.059323,0.4785,0.4785,744,COMPUTED
taker_buy_delta_5h,taker_imbalance,positive,24h,2025-01,0.0001314,0.0001314,0.10865284,0.10865284,0.001209,0.001209,0.001209,0.5242,0.5242,744,COMPUTED
taker_buy_delta_5h,taker_imbalance,positive,24h,2025-02,0.00309995,0.00309995,0.108284,0.108284,0.028628,0.028628,0.028628,0.5045,0.5045,672,COMPUTED
taker_buy_delta_5h,taker_imbalance,positive,24h,2025-03,-0.00359826,-0.00359826,0.10248116,0.10248116,-0.035111,-0.035111,-0.035111,0.4758,0.4758,744,COMPUTED
taker_buy_delta_5h,taker_imbalance,positive,24h,2025-04,-0.00308823,-0.00308823,0.09217337,0.09217337,-0.033505,-0.033505,-0.033505,0.475,0.475,720,COMPUTED
taker_buy_delta_5h,taker_imbalance,positive,24h,2025-05,0.00316025,0.00316025,0.10419532,0.10419532,0.03033,0.03033,0.03033,0.5202,0.5202,744,COMPUTED
taker_buy_delta_5h,taker_imbalance,positive,24h,2025-06,0.00042797,0.00042797,0.09177948,0.09177948,0.004663,0.004663,0.004663,0.4958,0.4958,720,COMPUTED
taker_buy_delta_5h,taker_imbalance,positive,24h,2025-07,-0.00383045,-0.00383045,0.09083127,0.09083127,-0.042171,-0.042171,-0.042171,0.504,0.504,744,COMPUTED
taker_buy_delta_5h,taker_imbalance,positive,24h,2025-08,-0.00101106,-0.00101106,0.09028138,0.09028138,-0.011199,-0.011199,-0.011199,0.504,0.504,744,COMPUTED
taker_buy_delta_5h,taker_imbalance,positive,24h,2025-09,0.00326249,0.00326249,0.07868104,0.07868104,0.041465,0.041465,0.041465,0.5042,0.5042,720,COMPUTED
taker_buy_delta_5h,taker_imbalance,positive,24h,2025-10,-0.00217288,-0.00217288,0.07386307,0.07386307,-0.029418,-0.029418,-0.029418,0.4973,0.4973,744,COMPUTED
taker_buy_delta_5h,taker_imbalance,positive,24h,2025-11,-0.00244741,-0.00244741,0.06960572,0.06960572,-0.035161,-0.035161,-0.035161,0.4931,0.4931,720,COMPUTED
taker_buy_delta_5h,taker_imbalance,positive,24h,2025-12,-0.00396705,-0.00396705,0.07539299,0.07539299,-0.052618,-0.052618,-0.052618,0.4677,0.4677,744,COMPUTED
taker_buy_delta_5h,taker_imbalance,positive,24h,2026-01,-0.00217658,-0.00217658,0.07579689,0.07579689,-0.028716,-0.028716,-0.028716,0.5054,0.5054,744,COMPUTED
taker_buy_delta_5h,taker_imbalance,positive,24h,2026-02,0.00568168,0.00568168,0.08361604,0.08361604,0.06795,0.06795,0.06795,0.5446,0.5446,672,COMPUTED
taker_buy_delta_5h,taker_imbalance,positive,24h,2026-03,-0.00327377,-0.00327377,0.07022917,0.07022917,-0.046616,-0.046616,-0.046616,0.4718,0.4718,744,COMPUTED
taker_buy_delta_5h,taker_imbalance,positive,24h,2026-04,-0.00451773,-0.00451773,0.07288615,0.07288615,-0.061983,-0.061983,-0.061983,0.4708,0.4708,720,COMPUTED
taker_buy_delta_5h,taker_imbalance,positive,24h,2026-05,0.02931364,0.02931364,0.0,0.0,,,,1.0,1.0,1,COMPUTED
taker_buy_delta_5h,taker_imbalance,positive,72h,2024-06,-5.145e-05,-5.145e-05,0.1040252,0.1040252,-0.000495,-0.000495,-0.000495,0.4944,0.4944,714,COMPUTED
taker_buy_delta_5h,taker_imbalance,positive,72h,2024-07,0.00324003,0.00324003,0.1065484,0.1065484,0.030409,0.030409,0.030409,0.5282,0.5282,744,COMPUTED
taker_buy_delta_5h,taker_imbalance,positive,72h,2024-08,0.00093593,0.00093593,0.11166441,0.11166441,0.008382,0.008382,0.008382,0.5188,0.5188,744,COMPUTED
taker_buy_delta_5h,taker_imbalance,positive,72h,2024-09,-0.00138991,-0.00138991,0.09672335,0.09672335,-0.01437,-0.01437,-0.01437,0.5069,0.5069,720,COMPUTED
taker_buy_delta_5h,taker_imbalance,positive,72h,2024-10,-0.00071982,-0.00071982,0.10171299,0.10171299,-0.007077,-0.007077,-0.007077,0.4946,0.4946,742,COMPUTED
taker_buy_delta_5h,taker_imbalance,positive,72h,2024-11,-0.00212378,-0.00212378,0.11171745,0.11171745,-0.01901,-0.01901,-0.01901,0.5042,0.5042,720,COMPUTED
taker_buy_delta_5h,taker_imbalance,positive,72h,2024-12,-0.00276086,-0.00276086,0.10704328,0.10704328,-0.025792,-0.025792,-0.025792,0.4933,0.4933,744,COMPUTED
taker_buy_delta_5h,taker_imbalance,positive,72h,2025-01,0.00206456,0.00206456,0.1036889,0.1036889,0.019911,0.019911,0.019911,0.4987,0.4987,744,COMPUTED
taker_buy_delta_5h,taker_imbalance,positive,72h,2025-02,0.00078469,0.00078469,0.10172184,0.10172184,0.007714,0.007714,0.007714,0.4851,0.4851,672,COMPUTED
taker_buy_delta_5h,taker_imbalance,positive,72h,2025-03,-0.0026057,-0.0026057,0.09919824,0.09919824,-0.026268,-0.026268,-0.026268,0.5067,0.5067,744,COMPUTED
taker_buy_delta_5h,taker_imbalance,positive,72h,2025-04,-0.00367984,-0.00367984,0.09284364,0.09284364,-0.039635,-0.039635,-0.039635,0.4653,0.4653,720,COMPUTED
taker_buy_delta_5h,taker_imbalance,positive,72h,2025-05,0.00162242,0.00162242,0.09483202,0.09483202,0.017108,0.017108,0.017108,0.5175,0.5175,744,COMPUTED
taker_buy_delta_5h,taker_imbalance,positive,72h,2025-06,-0.00203564,-0.00203564,0.09224997,0.09224997,-0.022067,-0.022067,-0.022067,0.4917,0.4917,720,COMPUTED
taker_buy_delta_5h,taker_imbalance,positive,72h,2025-07,-0.00142518,-0.00142518,0.09249058,0.09249058,-0.015409,-0.015409,-0.015409,0.4785,0.4785,744,COMPUTED
taker_buy_delta_5h,taker_imbalance,positive,72h,2025-08,0.00029773,0.00029773,0.08963681,0.08963681,0.003322,0.003322,0.003322,0.5121,0.5121,744,COMPUTED
taker_buy_delta_5h,taker_imbalance,positive,72h,2025-09,0.00107764,0.00107764,0.08201837,0.08201837,0.013139,0.013139,0.013139,0.5,0.5,720,COMPUTED
taker_buy_delta_5h,taker_imbalance,positive,72h,2025-10,-0.00196606,-0.00196606,0.07329839,0.07329839,-0.026823,-0.026823,-0.026823,0.4852,0.4852,744,COMPUTED
taker_buy_delta_5h,taker_imbalance,positive,72h,2025-11,-0.00225837,-0.00225837,0.07262713,0.07262713,-0.031095,-0.031095,-0.031095,0.5069,0.5069,720,COMPUTED
taker_buy_delta_5h,taker_imbalance,positive,72h,2025-12,-0.00048927,-0.00048927,0.07225162,0.07225162,-0.006772,-0.006772,-0.006772,0.4852,0.4852,744,COMPUTED
taker_buy_delta_5h,taker_imbalance,positive,72h,2026-01,-0.00020969,-0.00020969,0.07609606,0.07609606,-0.002756,-0.002756,-0.002756,0.4879,0.4879,744,COMPUTED
taker_buy_delta_5h,taker_imbalance,positive,72h,2026-02,0.00376294,0.00376294,0.07953709,0.07953709,0.04731,0.04731,0.04731,0.5223,0.5223,672,COMPUTED
taker_buy_delta_5h,taker_imbalance,positive,72h,2026-03,-0.00121499,-0.00121499,0.07189967,0.07189967,-0.016898,-0.016898,-0.016898,0.5067,0.5067,744,COMPUTED
taker_buy_delta_5h,taker_imbalance,positive,72h,2026-04,-0.00206636,-0.00206636,0.06841532,0.06841532,-0.030203,-0.030203,-0.030203,0.4889,0.4889,720,COMPUTED
taker_buy_delta_5h,taker_imbalance,positive,72h,2026-05,0.09507667,0.09507667,0.0,0.0,,,,1.0,1.0,1,COMPUTED
