factor_name,category,expected_direction,horizon,raw_mean_rank_ic,direction_adjusted_mean_rank_ic,raw_rank_ic_std,direction_adjusted_rank_ic_std,raw_icir,direction_adjusted_icir,icir,t_stat,ic_win_rate_raw,ic_win_rate_adjusted,n_periods,n_symbols_avg,coverage,missing_rate,used_in_current_signal,status,formula_proxy,required_columns,lookback_window,notes,top_bucket_mean_return,bottom_bucket_mean_return,long_short_spread_mean,long_short_spread_t_stat,long_short_win_rate
rev_3h,reversal,positive,1h,0.03438465,0.03438465,0.16209292,0.16209292,0.212129,0.212129,0.212129,28.304,0.5967,0.5967,17803,186.2,3315461,0.000241,False,COMPUTED,-(close / close_3h_ago - 1); formula is already sign-inverted to represent reversal hypothesis; higher factor_value means stronger prior loser / stronger reversal signal. expected_direction set to positive to avoid double inversion in direction-adjusted IC.,close,3,-(close / close_3h_ago - 1); formula is already sign-inverted to represent reversal hypothesis; higher factor_value means stronger prior loser / stronger reversal signal. expected_direction set to positive to avoid double inversion in direction-adjusted IC.,4.108e-05,1.152e-05,2.956e-05,0.7156,0.5152
rev_3h,reversal,positive,4h,0.03179481,0.03179481,0.15932817,0.15932817,0.199556,0.199556,0.199556,26.6248,0.5858,0.5858,17801,186.2,3315461,0.000241,False,COMPUTED,-(close / close_3h_ago - 1); formula is already sign-inverted to represent reversal hypothesis; higher factor_value means stronger prior loser / stronger reversal signal. expected_direction set to positive to avoid double inversion in direction-adjusted IC.,close,3,-(close / close_3h_ago - 1); formula is already sign-inverted to represent reversal hypothesis; higher factor_value means stronger prior loser / stronger reversal signal. expected_direction set to positive to avoid double inversion in direction-adjusted IC.,6.527e-05,0.00012773,-6.245e-05,-0.7788,0.5049
rev_3h,reversal,positive,24h,0.01720871,0.01720871,0.15715378,0.15715378,0.109502,0.109502,0.109502,14.6016,0.5477,0.5477,17781,186.2,3315461,0.000241,False,COMPUTED,-(close / close_3h_ago - 1); formula is already sign-inverted to represent reversal hypothesis; higher factor_value means stronger prior loser / stronger reversal signal. expected_direction set to positive to avoid double inversion in direction-adjusted IC.,close,3,-(close / close_3h_ago - 1); formula is already sign-inverted to represent reversal hypothesis; higher factor_value means stronger prior loser / stronger reversal signal. expected_direction set to positive to avoid double inversion in direction-adjusted IC.,0.0001679,0.00096177,-0.00079387,-4.0589,0.491
rev_3h,reversal,positive,72h,0.00799398,0.00799398,0.14892556,0.14892556,0.053678,0.053678,0.053678,7.148,0.5246,0.5246,17733,186.2,3315461,0.000241,False,COMPUTED,-(close / close_3h_ago - 1); formula is already sign-inverted to represent reversal hypothesis; higher factor_value means stronger prior loser / stronger reversal signal. expected_direction set to positive to avoid double inversion in direction-adjusted IC.,close,3,-(close / close_3h_ago - 1); formula is already sign-inverted to represent reversal hypothesis; higher factor_value means stronger prior loser / stronger reversal signal. expected_direction set to positive to avoid double inversion in direction-adjusted IC.,0.00057565,0.00268465,-0.002109,-5.7791,0.4913
rev_1h,reversal,positive,1h,0.03650558,0.03650558,0.1587012,0.1587012,0.230027,0.230027,0.230027,30.6929,0.6071,0.6071,17804,186.2,3315993,8e-05,False,COMPUTED,-(close / close_1h_ago - 1); very short-term reversal diagnostic,close,1,-(close / close_1h_ago - 1); very short-term reversal diagnostic,9.344e-05,-2.176e-05,0.0001152,2.8464,0.5253
rev_1h,reversal,positive,4h,0.02815733,0.02815733,0.15700982,0.15700982,0.179335,0.179335,0.179335,23.9276,0.5795,0.5795,17802,186.2,3315993,8e-05,False,COMPUTED,-(close / close_1h_ago - 1); very short-term reversal diagnostic,close,1,-(close / close_1h_ago - 1); very short-term reversal diagnostic,0.00015253,9.579e-05,5.674e-05,0.7266,0.5133
rev_1h,reversal,positive,24h,0.01188053,0.01188053,0.15338156,0.15338156,0.077457,0.077457,0.077457,10.3289,0.5367,0.5367,17782,186.2,3315993,8e-05,False,COMPUTED,-(close / close_1h_ago - 1); very short-term reversal diagnostic,close,1,-(close / close_1h_ago - 1); very short-term reversal diagnostic,0.000439,0.00068485,-0.00024585,-1.2917,0.5036
rev_1h,reversal,positive,72h,0.00455941,0.00455941,0.14651666,0.14651666,0.031119,0.031119,0.031119,4.144,0.5138,0.5138,17734,186.2,3315993,8e-05,False,COMPUTED,-(close / close_1h_ago - 1); very short-term reversal diagnostic,close,1,-(close / close_1h_ago - 1); very short-term reversal diagnostic,0.00086232,0.00219102,-0.0013287,-3.7037,0.4952
price_volume_corr_20h,volume_price,conditional,1h,-0.02173599,-0.02173599,0.11466853,0.11466853,-0.189555,-0.189555,-0.189555,-25.2656,0.4202,0.4202,17766,185.7,3299518,0.005048,False,DIRECTION_UNKNOWN,"rolling_corr(ret_1h, pct_change(quote_volume), 20); attention diagnostic",close|quote_volume,21,"rolling_corr(ret_1h, pct_change(quote_volume), 20); attention diagnostic",1.784e-05,-2.783e-05,4.567e-05,1.4527,0.4976
price_volume_corr_20h,volume_price,conditional,4h,-0.03189871,-0.03189871,0.11693866,0.11693866,-0.272782,-0.272782,-0.272782,-36.3568,0.3844,0.3844,17764,185.7,3299518,0.005048,False,DIRECTION_UNKNOWN,"rolling_corr(ret_1h, pct_change(quote_volume), 20); attention diagnostic",close|quote_volume,21,"rolling_corr(ret_1h, pct_change(quote_volume), 20); attention diagnostic",5.341e-05,-0.00013249,0.0001859,2.9172,0.4963
price_volume_corr_20h,volume_price,conditional,24h,-0.04024845,-0.04024845,0.1156232,0.1156232,-0.3481,-0.3481,-0.3481,-46.3692,0.3561,0.3561,17744,185.7,3299518,0.005048,False,DIRECTION_UNKNOWN,"rolling_corr(ret_1h, pct_change(quote_volume), 20); attention diagnostic",close|quote_volume,21,"rolling_corr(ret_1h, pct_change(quote_volume), 20); attention diagnostic",0.00044937,-0.00043126,0.00088063,5.5623,0.5036
price_volume_corr_20h,volume_price,conditional,72h,-0.03572889,-0.03572889,0.11177162,0.11177162,-0.31966,-0.31966,-0.31966,-42.5232,0.3701,0.3701,17696,185.7,3299518,0.005048,False,DIRECTION_UNKNOWN,"rolling_corr(ret_1h, pct_change(quote_volume), 20); attention diagnostic",close|quote_volume,21,"rolling_corr(ret_1h, pct_change(quote_volume), 20); attention diagnostic",0.00142631,-0.00134477,0.00277108,8.9406,0.503
